TimeStamp,Year,GP,Session,Length_Track,Total_Laps,Temperature_Track,Air_Temperature,Compound,LapTime,Driver
0 days 01:23:49.801000,2023,Monza,R,5793,53,42.5,29.2,MEDIUM,0 days 00:01:27.905000,VER
0 days 01:25:15.964000,2023,Monza,R,5793,53,43.2,29.3,MEDIUM,0 days 00:01:26.163000,VER
0 days 01:26:41.666000,2023,Monza,R,5793,53,43.2,29.4,MEDIUM,0 days 00:01:25.702000,VER
0 days 01:28:07.716000,2023,Monza,R,5793,53,43.1,29.5,MEDIUM,0 days 00:01:26.050000,VER
0 days 01:29:33.892000,2023,Monza,R,5793,53,43.3,29.5,MEDIUM,0 days 00:01:26.176000,VER
0 days 01:31:00.729000,2023,Monza,R,5793,53,43.4,29.7,MEDIUM,0 days 00:01:26.837000,VER
0 days 01:32:27.097000,2023,Monza,R,5793,53,43.6,29.7,MEDIUM,0 days 00:01:26.368000,VER
0 days 01:33:53.087000,2023,Monza,R,5793,53,43.6,29.7,MEDIUM,0 days 00:01:25.990000,VER
0 days 01:35:19.692000,2023,Monza,R,5793,53,43.9,29.8,MEDIUM,0 days 00:01:26.605000,VER
0 days 01:36:46.295000,2023,Monza,R,5793,53,43.9,29.9,MEDIUM,0 days 00:01:26.603000,VER
0 days 01:38:12.938000,2023,Monza,R,5793,53,43.3,29.9,MEDIUM,0 days 00:01:26.643000,VER
0 days 01:39:39.380000,2023,Monza,R,5793,53,43.1,29.8,MEDIUM,0 days 00:01:26.442000,VER
0 days 01:41:06.046000,2023,Monza,R,5793,53,43.7,29.9,MEDIUM,0 days 00:01:26.666000,VER
0 days 01:42:33.074000,2023,Monza,R,5793,53,43.7,30.0,MEDIUM,0 days 00:01:27.028000,VER
0 days 01:43:59.856000,2023,Monza,R,5793,53,43.5,30.0,MEDIUM,0 days 00:01:26.782000,VER
0 days 01:45:26.574000,2023,Monza,R,5793,53,43.7,29.9,MEDIUM,0 days 00:01:26.718000,VER
0 days 01:46:53.307000,2023,Monza,R,5793,53,43.5,29.8,MEDIUM,0 days 00:01:26.733000,VER
0 days 01:48:19.580000,2023,Monza,R,5793,53,43.6,29.8,MEDIUM,0 days 00:01:26.273000,VER
0 days 01:49:46.018000,2023,Monza,R,5793,53,44.3,29.9,MEDIUM,0 days 00:01:26.438000,VER
0 days 01:51:16.867000,2023,Monza,R,5793,53,44.3,30.0,MEDIUM,0 days 00:01:30.849000,VER
0 days 01:53:02.527000,2023,Monza,R,5793,53,44.0,30.0,HARD,0 days 00:01:45.660000,VER
0 days 01:54:28.412000,2023,Monza,R,5793,53,43.7,29.9,HARD,0 days 00:01:25.885000,VER
0 days 01:55:54.571000,2023,Monza,R,5793,53,43.6,29.9,HARD,0 days 00:01:26.159000,VER
0 days 01:57:20.898000,2023,Monza,R,5793,53,43.5,29.9,HARD,0 days 00:01:26.327000,VER
0 days 01:58:46.812000,2023,Monza,R,5793,53,43.6,29.8,HARD,0 days 00:01:25.914000,VER
0 days 02:00:12.598000,2023,Monza,R,5793,53,43.4,29.9,HARD,0 days 00:01:25.786000,VER
0 days 02:01:38.099000,2023,Monza,R,5793,53,43.0,29.9,HARD,0 days 00:01:25.501000,VER
0 days 02:03:03.533000,2023,Monza,R,5793,53,43.3,29.9,HARD,0 days 00:01:25.434000,VER
0 days 02:04:29.004000,2023,Monza,R,5793,53,42.5,29.7,HARD,0 days 00:01:25.471000,VER
0 days 02:05:54.402000,2023,Monza,R,5793,53,42.5,29.7,HARD,0 days 00:01:25.398000,VER
0 days 02:07:19.904000,2023,Monza,R,5793,53,42.6,29.8,HARD,0 days 00:01:25.502000,VER
0 days 02:08:45.314000,2023,Monza,R,5793,53,42.6,29.9,HARD,0 days 00:01:25.410000,VER
0 days 02:10:10.554000,2023,Monza,R,5793,53,42.5,29.8,HARD,0 days 00:01:25.240000,VER
0 days 02:11:36.237000,2023,Monza,R,5793,53,42.6,29.8,HARD,0 days 00:01:25.683000,VER
0 days 02:13:02.052000,2023,Monza,R,5793,53,42.6,29.8,HARD,0 days 00:01:25.815000,VER
0 days 02:14:27.650000,2023,Monza,R,5793,53,42.5,30.0,HARD,0 days 00:01:25.598000,VER
0 days 02:15:53.333000,2023,Monza,R,5793,53,42.5,30.1,HARD,0 days 00:01:25.683000,VER
0 days 02:17:18.918000,2023,Monza,R,5793,53,42.8,30.0,HARD,0 days 00:01:25.585000,VER
0 days 02:18:44.404000,2023,Monza,R,5793,53,42.6,30.0,HARD,0 days 00:01:25.486000,VER
0 days 02:20:10.305000,2023,Monza,R,5793,53,42.9,30.1,HARD,0 days 00:01:25.901000,VER
0 days 02:21:36.084000,2023,Monza,R,5793,53,42.9,30.2,HARD,0 days 00:01:25.779000,VER
0 days 02:23:01.996000,2023,Monza,R,5793,53,42.5,30.3,HARD,0 days 00:01:25.912000,VER
0 days 02:24:27.990000,2023,Monza,R,5793,53,42.5,30.1,HARD,0 days 00:01:25.994000,VER
0 days 02:25:53.741000,2023,Monza,R,5793,53,41.7,30.0,HARD,0 days 00:01:25.751000,VER
0 days 02:27:19.657000,2023,Monza,R,5793,53,41.6,30.0,HARD,0 days 00:01:25.916000,VER
0 days 02:28:45.842000,2023,Monza,R,5793,53,41.8,30.0,HARD,0 days 00:01:26.185000,VER
0 days 02:30:11.979000,2023,Monza,R,5793,53,41.2,30.1,HARD,0 days 00:01:26.137000,VER
0 days 02:31:39.214000,2023,Monza,R,5793,53,41.2,30.0,HARD,0 days 00:01:27.235000,VER
0 days 02:33:07.121000,2023,Monza,R,5793,53,40.8,30.0,HARD,0 days 00:01:27.907000,VER
0 days 02:34:35.514000,2023,Monza,R,5793,53,40.8,30.0,HARD,0 days 00:01:28.393000,VER
0 days 02:36:03.039000,2023,Monza,R,5793,53,40.8,30.0,HARD,0 days 00:01:27.525000,VER
0 days 02:39:24.909000,2023,Monza,R,5793,53,39.3,29.9,HARD,,VER
0 days 01:23:57.870000,2023,Monza,R,5793,53,42.5,29.2,MEDIUM,0 days 00:01:35.974000,GAS
0 days 01:25:26.566000,2023,Monza,R,5793,53,43.2,29.3,MEDIUM,0 days 00:01:28.696000,GAS
0 days 01:26:54.482000,2023,Monza,R,5793,53,43.2,29.4,MEDIUM,0 days 00:01:27.916000,GAS
0 days 01:28:21.954000,2023,Monza,R,5793,53,43.1,29.5,MEDIUM,0 days 00:01:27.472000,GAS
0 days 01:29:49.648000,2023,Monza,R,5793,53,43.3,29.5,MEDIUM,0 days 00:01:27.694000,GAS
0 days 01:31:16.972000,2023,Monza,R,5793,53,43.6,29.6,MEDIUM,0 days 00:01:27.324000,GAS
0 days 01:32:44.182000,2023,Monza,R,5793,53,43.6,29.7,MEDIUM,0 days 00:01:27.210000,GAS
0 days 01:34:11.422000,2023,Monza,R,5793,53,44.1,29.8,MEDIUM,0 days 00:01:27.240000,GAS
0 days 01:35:38.788000,2023,Monza,R,5793,53,43.9,29.8,MEDIUM,0 days 00:01:27.366000,GAS
0 days 01:37:10.822000,2023,Monza,R,5793,53,43.9,29.9,MEDIUM,0 days 00:01:32.034000,GAS
0 days 01:39:00.992000,2023,Monza,R,5793,53,43.3,29.9,HARD,0 days 00:01:50.170000,GAS
0 days 01:40:28.423000,2023,Monza,R,5793,53,43.7,29.9,HARD,0 days 00:01:27.431000,GAS
0 days 01:41:55.791000,2023,Monza,R,5793,53,43.7,30.1,HARD,0 days 00:01:27.368000,GAS
0 days 01:43:23.139000,2023,Monza,R,5793,53,43.5,30.0,HARD,0 days 00:01:27.348000,GAS
0 days 01:44:50.502000,2023,Monza,R,5793,53,43.9,30.0,HARD,0 days 00:01:27.363000,GAS
0 days 01:46:17.590000,2023,Monza,R,5793,53,43.5,29.8,HARD,0 days 00:01:27.088000,GAS
0 days 01:47:44.666000,2023,Monza,R,5793,53,43.5,29.7,HARD,0 days 00:01:27.076000,GAS
0 days 01:49:11.719000,2023,Monza,R,5793,53,44.3,29.9,HARD,0 days 00:01:27.053000,GAS
0 days 01:50:38.855000,2023,Monza,R,5793,53,44.4,30.0,HARD,0 days 00:01:27.136000,GAS
0 days 01:52:05.890000,2023,Monza,R,5793,53,44.3,30.0,HARD,0 days 00:01:27.035000,GAS
0 days 01:53:33.596000,2023,Monza,R,5793,53,43.7,30.0,HARD,0 days 00:01:27.706000,GAS
0 days 01:55:00.815000,2023,Monza,R,5793,53,43.7,29.9,HARD,0 days 00:01:27.219000,GAS
0 days 01:56:28.269000,2023,Monza,R,5793,53,43.5,29.9,HARD,0 days 00:01:27.454000,GAS
0 days 01:57:55.329000,2023,Monza,R,5793,53,43.5,29.9,HARD,0 days 00:01:27.060000,GAS
0 days 01:59:22.552000,2023,Monza,R,5793,53,43.4,29.9,HARD,0 days 00:01:27.223000,GAS
0 days 02:00:50.142000,2023,Monza,R,5793,53,43.4,29.9,HARD,0 days 00:01:27.590000,GAS
0 days 02:02:17.331000,2023,Monza,R,5793,53,43.3,29.9,HARD,0 days 00:01:27.189000,GAS
0 days 02:03:44.852000,2023,Monza,R,5793,53,42.9,29.9,HARD,0 days 00:01:27.521000,GAS
0 days 02:05:12.235000,2023,Monza,R,5793,53,42.5,29.7,HARD,0 days 00:01:27.383000,GAS
0 days 02:06:39.893000,2023,Monza,R,5793,53,42.8,29.8,HARD,0 days 00:01:27.658000,GAS
0 days 02:08:12.097000,2023,Monza,R,5793,53,42.6,29.9,HARD,0 days 00:01:32.204000,GAS
0 days 02:09:58.817000,2023,Monza,R,5793,53,42.4,29.8,MEDIUM,0 days 00:01:46.720000,GAS
0 days 02:11:25.256000,2023,Monza,R,5793,53,42.6,29.8,MEDIUM,0 days 00:01:26.439000,GAS
0 days 02:12:52.133000,2023,Monza,R,5793,53,42.6,29.8,MEDIUM,0 days 00:01:26.877000,GAS
0 days 02:14:19.036000,2023,Monza,R,5793,53,42.5,30.0,MEDIUM,0 days 00:01:26.903000,GAS
0 days 02:15:45.833000,2023,Monza,R,5793,53,42.5,30.1,MEDIUM,0 days 00:01:26.797000,GAS
0 days 02:17:12.332000,2023,Monza,R,5793,53,42.8,30.0,MEDIUM,0 days 00:01:26.499000,GAS
0 days 02:18:38.689000,2023,Monza,R,5793,53,42.6,30.0,MEDIUM,0 days 00:01:26.357000,GAS
0 days 02:20:05.425000,2023,Monza,R,5793,53,42.8,30.0,MEDIUM,0 days 00:01:26.736000,GAS
0 days 02:21:31.973000,2023,Monza,R,5793,53,42.9,30.2,MEDIUM,0 days 00:01:26.548000,GAS
0 days 02:22:58.319000,2023,Monza,R,5793,53,42.5,30.3,MEDIUM,0 days 00:01:26.346000,GAS
0 days 02:24:24.744000,2023,Monza,R,5793,53,42.5,30.1,MEDIUM,0 days 00:01:26.425000,GAS
0 days 02:25:50.665000,2023,Monza,R,5793,53,41.7,30.0,MEDIUM,0 days 00:01:25.921000,GAS
0 days 02:27:16.423000,2023,Monza,R,5793,53,41.6,30.0,MEDIUM,0 days 00:01:25.758000,GAS
0 days 02:28:42.720000,2023,Monza,R,5793,53,41.8,30.0,MEDIUM,0 days 00:01:26.297000,GAS
0 days 02:30:09.012000,2023,Monza,R,5793,53,41.2,30.1,MEDIUM,0 days 00:01:26.292000,GAS
0 days 02:31:35.156000,2023,Monza,R,5793,53,41.2,30.0,MEDIUM,0 days 00:01:26.144000,GAS
0 days 02:33:01.444000,2023,Monza,R,5793,53,41.0,30.0,MEDIUM,0 days 00:01:26.288000,GAS
0 days 02:34:29.357000,2023,Monza,R,5793,53,40.8,30.0,MEDIUM,0 days 00:01:27.913000,GAS
0 days 02:35:56.732000,2023,Monza,R,5793,53,40.8,30.0,MEDIUM,0 days 00:01:27.375000,GAS
0 days 02:40:07.509000,2023,Monza,R,5793,53,39.3,29.9,MEDIUM,,GAS
0 days 01:23:51.702000,2023,Monza,R,5793,53,42.5,29.2,MEDIUM,0 days 00:01:29.806000,PER
0 days 01:25:18.583000,2023,Monza,R,5793,53,43.2,29.3,MEDIUM,0 days 00:01:26.881000,PER
0 days 01:26:44.726000,2023,Monza,R,5793,53,43.2,29.4,MEDIUM,0 days 00:01:26.143000,PER
0 days 01:28:10.745000,2023,Monza,R,5793,53,43.1,29.5,MEDIUM,0 days 00:01:26.019000,PER
0 days 01:29:37.099000,2023,Monza,R,5793,53,43.3,29.5,MEDIUM,0 days 00:01:26.354000,PER
0 days 01:31:03.564000,2023,Monza,R,5793,53,43.4,29.7,MEDIUM,0 days 00:01:26.465000,PER
0 days 01:32:29.897000,2023,Monza,R,5793,53,43.6,29.7,MEDIUM,0 days 00:01:26.333000,PER
0 days 01:33:56.784000,2023,Monza,R,5793,53,43.6,29.7,MEDIUM,0 days 00:01:26.887000,PER
0 days 01:35:23.348000,2023,Monza,R,5793,53,43.9,29.8,MEDIUM,0 days 00:01:26.564000,PER
0 days 01:36:49.802000,2023,Monza,R,5793,53,43.9,29.9,MEDIUM,0 days 00:01:26.454000,PER
0 days 01:38:17.047000,2023,Monza,R,5793,53,43.3,29.9,MEDIUM,0 days 00:01:27.245000,PER
0 days 01:39:44.015000,2023,Monza,R,5793,53,43.1,29.8,MEDIUM,0 days 00:01:26.968000,PER
0 days 01:41:11.029000,2023,Monza,R,5793,53,43.7,30.1,MEDIUM,0 days 00:01:27.014000,PER
0 days 01:42:38.480000,2023,Monza,R,5793,53,43.7,30.0,MEDIUM,0 days 00:01:27.451000,PER
0 days 01:44:05.259000,2023,Monza,R,5793,53,43.5,30.0,MEDIUM,0 days 00:01:26.779000,PER
0 days 01:45:32.082000,2023,Monza,R,5793,53,43.7,29.9,MEDIUM,0 days 00:01:26.823000,PER
0 days 01:46:59.093000,2023,Monza,R,5793,53,43.5,29.8,MEDIUM,0 days 00:01:27.011000,PER
0 days 01:48:25.858000,2023,Monza,R,5793,53,43.6,29.8,MEDIUM,0 days 00:01:26.765000,PER
0 days 01:49:52.527000,2023,Monza,R,5793,53,44.3,29.9,MEDIUM,0 days 00:01:26.669000,PER
0 days 01:51:19.036000,2023,Monza,R,5793,53,44.3,30.0,MEDIUM,0 days 00:01:26.509000,PER
0 days 01:52:49.970000,2023,Monza,R,5793,53,44.0,30.0,MEDIUM,0 days 00:01:30.934000,PER
0 days 01:54:35.198000,2023,Monza,R,5793,53,43.7,29.9,HARD,0 days 00:01:45.228000,PER
0 days 01:56:00.762000,2023,Monza,R,5793,53,43.6,29.9,HARD,0 days 00:01:25.564000,PER
0 days 01:57:26.521000,2023,Monza,R,5793,53,43.5,29.9,HARD,0 days 00:01:25.759000,PER
0 days 01:58:52.526000,2023,Monza,R,5793,53,43.6,29.8,HARD,0 days 00:01:26.005000,PER
0 days 02:00:18.410000,2023,Monza,R,5793,53,43.4,29.9,HARD,0 days 00:01:25.884000,PER
0 days 02:01:44.866000,2023,Monza,R,5793,53,43.0,29.9,HARD,0 days 00:01:26.456000,PER
0 days 02:03:10.450000,2023,Monza,R,5793,53,42.9,29.9,HARD,0 days 00:01:25.584000,PER
0 days 02:04:36.056000,2023,Monza,R,5793,53,42.5,29.7,HARD,0 days 00:01:25.606000,PER
0 days 02:06:01.813000,2023,Monza,R,5793,53,42.5,29.7,HARD,0 days 00:01:25.757000,PER
0 days 02:07:28.228000,2023,Monza,R,5793,53,42.6,29.8,HARD,0 days 00:01:26.415000,PER
0 days 02:08:54.108000,2023,Monza,R,5793,53,42.6,29.9,HARD,0 days 00:01:25.880000,PER
0 days 02:10:20.128000,2023,Monza,R,5793,53,42.5,29.8,HARD,0 days 00:01:26.020000,PER
0 days 02:11:46.076000,2023,Monza,R,5793,53,42.6,29.8,HARD,0 days 00:01:25.948000,PER
0 days 02:13:11.727000,2023,Monza,R,5793,53,42.5,29.9,HARD,0 days 00:01:25.651000,PER
0 days 02:14:37.354000,2023,Monza,R,5793,53,42.5,30.0,HARD,0 days 00:01:25.627000,PER
0 days 02:16:03.111000,2023,Monza,R,5793,53,42.5,30.1,HARD,0 days 00:01:25.757000,PER
0 days 02:17:28.695000,2023,Monza,R,5793,53,42.8,30.0,HARD,0 days 00:01:25.584000,PER
0 days 02:18:54.217000,2023,Monza,R,5793,53,42.6,30.0,HARD,0 days 00:01:25.522000,PER
0 days 02:20:19.843000,2023,Monza,R,5793,53,42.9,30.1,HARD,0 days 00:01:25.626000,PER
0 days 02:21:46.562000,2023,Monza,R,5793,53,42.9,30.2,HARD,0 days 00:01:26.719000,PER
0 days 02:23:13.101000,2023,Monza,R,5793,53,42.5,30.2,HARD,0 days 00:01:26.539000,PER
0 days 02:24:39.725000,2023,Monza,R,5793,53,42.5,30.1,HARD,0 days 00:01:26.624000,PER
0 days 02:26:06.054000,2023,Monza,R,5793,53,41.7,30.0,HARD,0 days 00:01:26.329000,PER
0 days 02:27:32.627000,2023,Monza,R,5793,53,41.6,30.0,HARD,0 days 00:01:26.573000,PER
0 days 02:28:58.225000,2023,Monza,R,5793,53,41.8,30.0,HARD,0 days 00:01:25.598000,PER
0 days 02:30:24.701000,2023,Monza,R,5793,53,41.2,30.1,HARD,0 days 00:01:26.476000,PER
0 days 02:31:50.809000,2023,Monza,R,5793,53,41.2,30.0,HARD,0 days 00:01:26.108000,PER
0 days 02:33:16.815000,2023,Monza,R,5793,53,40.8,30.0,HARD,0 days 00:01:26.006000,PER
0 days 02:34:43.200000,2023,Monza,R,5793,53,40.8,30.0,HARD,0 days 00:01:26.385000,PER
0 days 02:36:09.103000,2023,Monza,R,5793,53,40.8,30.0,HARD,0 days 00:01:25.903000,PER
0 days 02:39:28.269000,2023,Monza,R,5793,53,39.3,29.9,HARD,,PER
0 days 01:23:55.236000,2023,Monza,R,5793,53,42.5,29.2,MEDIUM,0 days 00:01:33.340000,ALO
0 days 01:25:23.248000,2023,Monza,R,5793,53,43.2,29.3,MEDIUM,0 days 00:01:28.012000,ALO
0 days 01:26:50.794000,2023,Monza,R,5793,53,43.2,29.4,MEDIUM,0 days 00:01:27.546000,ALO
0 days 01:28:18.015000,2023,Monza,R,5793,53,43.1,29.5,MEDIUM,0 days 00:01:27.221000,ALO
0 days 01:29:45.048000,2023,Monza,R,5793,53,43.3,29.5,MEDIUM,0 days 00:01:27.033000,ALO
0 days 01:31:12.223000,2023,Monza,R,5793,53,43.6,29.6,MEDIUM,0 days 00:01:27.175000,ALO
0 days 01:32:39.152000,2023,Monza,R,5793,53,43.6,29.7,MEDIUM,0 days 00:01:26.929000,ALO
0 days 01:34:06.095000,2023,Monza,R,5793,53,43.6,29.7,MEDIUM,0 days 00:01:26.943000,ALO
0 days 01:35:33.478000,2023,Monza,R,5793,53,43.9,29.8,MEDIUM,0 days 00:01:27.383000,ALO
0 days 01:37:00.846000,2023,Monza,R,5793,53,43.9,29.9,MEDIUM,0 days 00:01:27.368000,ALO
0 days 01:38:28.189000,2023,Monza,R,5793,53,43.3,29.9,MEDIUM,0 days 00:01:27.343000,ALO
0 days 01:39:55.528000,2023,Monza,R,5793,53,43.1,29.8,MEDIUM,0 days 00:01:27.339000,ALO
0 days 01:41:22.686000,2023,Monza,R,5793,53,43.7,30.1,MEDIUM,0 days 00:01:27.158000,ALO
0 days 01:42:50.293000,2023,Monza,R,5793,53,43.7,30.0,MEDIUM,0 days 00:01:27.607000,ALO
0 days 01:44:17.222000,2023,Monza,R,5793,53,43.9,30.0,MEDIUM,0 days 00:01:26.929000,ALO
0 days 01:45:44.386000,2023,Monza,R,5793,53,43.7,29.9,MEDIUM,0 days 00:01:27.164000,ALO
0 days 01:47:11.542000,2023,Monza,R,5793,53,43.5,29.7,MEDIUM,0 days 00:01:27.156000,ALO
0 days 01:48:38.817000,2023,Monza,R,5793,53,43.6,29.8,MEDIUM,0 days 00:01:27.275000,ALO
0 days 01:50:06.135000,2023,Monza,R,5793,53,44.3,29.9,MEDIUM,0 days 00:01:27.318000,ALO
0 days 01:51:34.419000,2023,Monza,R,5793,53,44.3,30.0,MEDIUM,0 days 00:01:28.284000,ALO
0 days 01:53:06.796000,2023,Monza,R,5793,53,43.7,30.0,MEDIUM,0 days 00:01:32.377000,ALO
0 days 01:54:54.068000,2023,Monza,R,5793,53,43.7,29.9,HARD,0 days 00:01:47.272000,ALO
0 days 01:56:20.917000,2023,Monza,R,5793,53,43.5,29.9,HARD,0 days 00:01:26.849000,ALO
0 days 01:57:47.866000,2023,Monza,R,5793,53,43.5,29.9,HARD,0 days 00:01:26.949000,ALO
0 days 01:59:14.765000,2023,Monza,R,5793,53,43.4,29.9,HARD,0 days 00:01:26.899000,ALO
0 days 02:00:41.557000,2023,Monza,R,5793,53,43.4,29.9,HARD,0 days 00:01:26.792000,ALO
0 days 02:02:08.223000,2023,Monza,R,5793,53,43.3,29.9,HARD,0 days 00:01:26.666000,ALO
0 days 02:03:34.946000,2023,Monza,R,5793,53,42.9,29.9,HARD,0 days 00:01:26.723000,ALO
0 days 02:05:01.943000,2023,Monza,R,5793,53,42.5,29.7,HARD,0 days 00:01:26.997000,ALO
0 days 02:06:28.858000,2023,Monza,R,5793,53,42.8,29.8,HARD,0 days 00:01:26.915000,ALO
0 days 02:07:55.706000,2023,Monza,R,5793,53,42.6,29.8,HARD,0 days 00:01:26.848000,ALO
0 days 02:09:22.453000,2023,Monza,R,5793,53,42.4,29.8,HARD,0 days 00:01:26.747000,ALO
0 days 02:10:49.222000,2023,Monza,R,5793,53,42.5,29.8,HARD,0 days 00:01:26.769000,ALO
0 days 02:12:15.785000,2023,Monza,R,5793,53,42.6,29.8,HARD,0 days 00:01:26.563000,ALO
0 days 02:13:42.302000,2023,Monza,R,5793,53,42.5,29.9,HARD,0 days 00:01:26.517000,ALO
0 days 02:15:08.759000,2023,Monza,R,5793,53,42.5,30.1,HARD,0 days 00:01:26.457000,ALO
0 days 02:16:35.139000,2023,Monza,R,5793,53,42.8,30.0,HARD,0 days 00:01:26.380000,ALO
0 days 02:18:01.713000,2023,Monza,R,5793,53,42.8,30.0,HARD,0 days 00:01:26.574000,ALO
0 days 02:19:28.420000,2023,Monza,R,5793,53,42.8,30.0,HARD,0 days 00:01:26.707000,ALO
0 days 02:20:55.030000,2023,Monza,R,5793,53,42.9,30.1,HARD,0 days 00:01:26.610000,ALO
0 days 02:22:21.845000,2023,Monza,R,5793,53,42.5,30.3,HARD,0 days 00:01:26.815000,ALO
0 days 02:23:48.248000,2023,Monza,R,5793,53,42.5,30.2,HARD,0 days 00:01:26.403000,ALO
0 days 02:25:14.353000,2023,Monza,R,5793,53,41.7,30.0,HARD,0 days 00:01:26.105000,ALO
0 days 02:26:40.508000,2023,Monza,R,5793,53,41.7,30.0,HARD,0 days 00:01:26.155000,ALO
0 days 02:28:06.785000,2023,Monza,R,5793,53,41.8,30.0,HARD,0 days 00:01:26.277000,ALO
0 days 02:29:33.238000,2023,Monza,R,5793,53,41.2,30.0,HARD,0 days 00:01:26.453000,ALO
0 days 02:31:00.150000,2023,Monza,R,5793,53,41.2,30.1,HARD,0 days 00:01:26.912000,ALO
0 days 02:32:27.333000,2023,Monza,R,5793,53,41.0,30.0,HARD,0 days 00:01:27.183000,ALO
0 days 02:33:54.578000,2023,Monza,R,5793,53,40.8,30.0,HARD,0 days 00:01:27.245000,ALO
0 days 02:35:21.938000,2023,Monza,R,5793,53,40.8,30.0,HARD,0 days 00:01:27.360000,ALO
0 days 02:36:49.333000,2023,Monza,R,5793,53,40.8,30.0,HARD,0 days 00:01:27.395000,ALO
0 days 02:39:09.269000,2023,Monza,R,5793,53,39.3,29.9,HARD,,ALO
0 days 01:23:50.651000,2023,Monza,R,5793,53,42.5,29.2,MEDIUM,0 days 00:01:28.755000,LEC
0 days 01:25:16.963000,2023,Monza,R,5793,53,43.2,29.3,MEDIUM,0 days 00:01:26.312000,LEC
0 days 01:26:42.682000,2023,Monza,R,5793,53,43.2,29.4,MEDIUM,0 days 00:01:25.719000,LEC
0 days 01:28:08.707000,2023,Monza,R,5793,53,43.1,29.5,MEDIUM,0 days 00:01:26.025000,LEC
0 days 01:29:34.973000,2023,Monza,R,5793,53,43.3,29.5,MEDIUM,0 days 00:01:26.266000,LEC
0 days 01:31:01.456000,2023,Monza,R,5793,53,43.4,29.7,MEDIUM,0 days 00:01:26.483000,LEC
0 days 01:32:27.929000,2023,Monza,R,5793,53,43.6,29.7,MEDIUM,0 days 00:01:26.473000,LEC
0 days 01:33:53.901000,2023,Monza,R,5793,53,43.6,29.7,MEDIUM,0 days 00:01:25.972000,LEC
0 days 01:35:20.579000,2023,Monza,R,5793,53,43.9,29.8,MEDIUM,0 days 00:01:26.678000,LEC
0 days 01:36:47.366000,2023,Monza,R,5793,53,43.9,29.9,MEDIUM,0 days 00:01:26.787000,LEC
0 days 01:38:14.204000,2023,Monza,R,5793,53,43.3,29.9,MEDIUM,0 days 00:01:26.838000,LEC
0 days 01:39:40.898000,2023,Monza,R,5793,53,43.1,29.8,MEDIUM,0 days 00:01:26.694000,LEC
0 days 01:41:07.455000,2023,Monza,R,5793,53,43.7,30.1,MEDIUM,0 days 00:01:26.557000,LEC
0 days 01:42:34.395000,2023,Monza,R,5793,53,43.7,30.0,MEDIUM,0 days 00:01:26.940000,LEC
0 days 01:44:01.709000,2023,Monza,R,5793,53,43.5,30.0,MEDIUM,0 days 00:01:27.314000,LEC
0 days 01:45:28.864000,2023,Monza,R,5793,53,43.7,29.9,MEDIUM,0 days 00:01:27.155000,LEC
0 days 01:46:56.534000,2023,Monza,R,5793,53,43.5,29.8,MEDIUM,0 days 00:01:27.670000,LEC
0 days 01:48:24.032000,2023,Monza,R,5793,53,43.6,29.8,MEDIUM,0 days 00:01:27.498000,LEC
0 days 01:49:51.734000,2023,Monza,R,5793,53,44.3,29.9,MEDIUM,0 days 00:01:27.702000,LEC
0 days 01:51:22.889000,2023,Monza,R,5793,53,44.3,30.0,MEDIUM,0 days 00:01:31.155000,LEC
0 days 01:53:08.731000,2023,Monza,R,5793,53,43.7,30.0,HARD,0 days 00:01:45.842000,LEC
0 days 01:54:34.473000,2023,Monza,R,5793,53,43.7,29.9,HARD,0 days 00:01:25.742000,LEC
0 days 01:56:00.280000,2023,Monza,R,5793,53,43.6,29.9,HARD,0 days 00:01:25.807000,LEC
0 days 01:57:26.213000,2023,Monza,R,5793,53,43.5,29.9,HARD,0 days 00:01:25.933000,LEC
0 days 01:58:52.274000,2023,Monza,R,5793,53,43.6,29.8,HARD,0 days 00:01:26.061000,LEC
0 days 02:00:18.037000,2023,Monza,R,5793,53,43.4,29.9,HARD,0 days 00:01:25.763000,LEC
0 days 02:01:44.271000,2023,Monza,R,5793,53,43.0,29.9,HARD,0 days 00:01:26.234000,LEC
0 days 02:03:09.934000,2023,Monza,R,5793,53,42.9,29.9,HARD,0 days 00:01:25.663000,LEC
0 days 02:04:35.748000,2023,Monza,R,5793,53,42.5,29.7,HARD,0 days 00:01:25.814000,LEC
0 days 02:06:01.530000,2023,Monza,R,5793,53,42.5,29.7,HARD,0 days 00:01:25.782000,LEC
0 days 02:07:28.026000,2023,Monza,R,5793,53,42.6,29.8,HARD,0 days 00:01:26.496000,LEC
0 days 02:08:54.895000,2023,Monza,R,5793,53,42.6,29.9,HARD,0 days 00:01:26.869000,LEC
0 days 02:10:20.857000,2023,Monza,R,5793,53,42.5,29.8,HARD,0 days 00:01:25.962000,LEC
0 days 02:11:46.708000,2023,Monza,R,5793,53,42.6,29.8,HARD,0 days 00:01:25.851000,LEC
0 days 02:13:12.558000,2023,Monza,R,5793,53,42.5,29.9,HARD,0 days 00:01:25.850000,LEC
0 days 02:14:38.189000,2023,Monza,R,5793,53,42.5,30.0,HARD,0 days 00:01:25.631000,LEC
0 days 02:16:03.860000,2023,Monza,R,5793,53,42.5,30.1,HARD,0 days 00:01:25.671000,LEC
0 days 02:17:29.440000,2023,Monza,R,5793,53,42.8,30.0,HARD,0 days 00:01:25.580000,LEC
0 days 02:18:55.069000,2023,Monza,R,5793,53,42.6,30.0,HARD,0 days 00:01:25.629000,LEC
0 days 02:20:20.797000,2023,Monza,R,5793,53,42.9,30.1,HARD,0 days 00:01:25.728000,LEC
0 days 02:21:47.308000,2023,Monza,R,5793,53,42.9,30.2,HARD,0 days 00:01:26.511000,LEC
0 days 02:23:13.756000,2023,Monza,R,5793,53,42.5,30.2,HARD,0 days 00:01:26.448000,LEC
0 days 02:24:40.353000,2023,Monza,R,5793,53,42.5,30.1,HARD,0 days 00:01:26.597000,LEC
0 days 02:26:06.939000,2023,Monza,R,5793,53,41.7,30.0,HARD,0 days 00:01:26.586000,LEC
0 days 02:27:33.260000,2023,Monza,R,5793,53,41.6,30.0,HARD,0 days 00:01:26.321000,LEC
0 days 02:28:59.840000,2023,Monza,R,5793,53,41.8,30.0,HARD,0 days 00:01:26.580000,LEC
0 days 02:30:27.211000,2023,Monza,R,5793,53,41.2,30.1,HARD,0 days 00:01:27.371000,LEC
0 days 02:31:54.039000,2023,Monza,R,5793,53,41.2,30.0,HARD,0 days 00:01:26.828000,LEC
0 days 02:33:20.672000,2023,Monza,R,5793,53,40.8,30.0,HARD,0 days 00:01:26.633000,LEC
0 days 02:34:47.633000,2023,Monza,R,5793,53,40.8,30.0,HARD,0 days 00:01:26.961000,LEC
0 days 02:36:14.416000,2023,Monza,R,5793,53,40.8,30.0,HARD,0 days 00:01:26.783000,LEC
0 days 02:39:41.069000,2023,Monza,R,5793,53,39.3,29.9,HARD,,LEC
0 days 01:23:58.683000,2023,Monza,R,5793,53,42.5,29.2,MEDIUM,0 days 00:01:36.787000,STR
0 days 01:25:27.636000,2023,Monza,R,5793,53,43.2,29.3,MEDIUM,0 days 00:01:28.953000,STR
0 days 01:26:56.250000,2023,Monza,R,5793,53,43.2,29.4,MEDIUM,0 days 00:01:28.614000,STR
0 days 01:28:23.975000,2023,Monza,R,5793,53,43.1,29.5,MEDIUM,0 days 00:01:27.725000,STR
0 days 01:29:51.549000,2023,Monza,R,5793,53,43.3,29.5,MEDIUM,0 days 00:01:27.574000,STR
0 days 01:31:19.205000,2023,Monza,R,5793,53,43.6,29.6,MEDIUM,0 days 00:01:27.656000,STR
0 days 01:32:46.305000,2023,Monza,R,5793,53,43.6,29.7,MEDIUM,0 days 00:01:27.100000,STR
0 days 01:34:13.667000,2023,Monza,R,5793,53,44.1,29.8,MEDIUM,0 days 00:01:27.362000,STR
0 days 01:35:40.979000,2023,Monza,R,5793,53,43.9,29.8,MEDIUM,0 days 00:01:27.312000,STR
0 days 01:37:08.518000,2023,Monza,R,5793,53,43.9,29.9,MEDIUM,0 days 00:01:27.539000,STR
0 days 01:38:35.887000,2023,Monza,R,5793,53,43.3,29.9,MEDIUM,0 days 00:01:27.369000,STR
0 days 01:40:03.697000,2023,Monza,R,5793,53,43.1,29.8,MEDIUM,0 days 00:01:27.810000,STR
0 days 01:41:31.919000,2023,Monza,R,5793,53,43.7,30.1,MEDIUM,0 days 00:01:28.222000,STR
0 days 01:42:59.976000,2023,Monza,R,5793,53,43.7,30.0,MEDIUM,0 days 00:01:28.057000,STR
0 days 01:44:28.155000,2023,Monza,R,5793,53,43.9,30.0,MEDIUM,0 days 00:01:28.179000,STR
0 days 01:45:56.235000,2023,Monza,R,5793,53,43.7,29.9,MEDIUM,0 days 00:01:28.080000,STR
0 days 01:47:24.144000,2023,Monza,R,5793,53,43.5,29.7,MEDIUM,0 days 00:01:27.909000,STR
0 days 01:48:52.545000,2023,Monza,R,5793,53,43.6,29.8,MEDIUM,0 days 00:01:28.401000,STR
0 days 01:50:20.595000,2023,Monza,R,5793,53,44.4,30.0,MEDIUM,0 days 00:01:28.050000,STR
0 days 01:51:53.621000,2023,Monza,R,5793,53,44.3,30.0,MEDIUM,0 days 00:01:33.026000,STR
0 days 01:53:42.472000,2023,Monza,R,5793,53,43.7,30.0,HARD,0 days 00:01:48.851000,STR
0 days 01:55:09.214000,2023,Monza,R,5793,53,43.6,29.9,HARD,0 days 00:01:26.742000,STR
0 days 01:56:36.182000,2023,Monza,R,5793,53,43.5,29.9,HARD,0 days 00:01:26.968000,STR
0 days 01:58:03.522000,2023,Monza,R,5793,53,43.5,29.9,HARD,0 days 00:01:27.340000,STR
0 days 01:59:30.698000,2023,Monza,R,5793,53,43.4,29.9,HARD,0 days 00:01:27.176000,STR
0 days 02:00:57.957000,2023,Monza,R,5793,53,43.4,29.9,HARD,0 days 00:01:27.259000,STR
0 days 02:02:24.632000,2023,Monza,R,5793,53,43.3,29.9,HARD,0 days 00:01:26.675000,STR
0 days 02:03:51.717000,2023,Monza,R,5793,53,42.9,29.9,HARD,0 days 00:01:27.085000,STR
0 days 02:05:18.526000,2023,Monza,R,5793,53,42.5,29.7,HARD,0 days 00:01:26.809000,STR
0 days 02:06:45.450000,2023,Monza,R,5793,53,42.8,29.8,HARD,0 days 00:01:26.924000,STR
0 days 02:08:12.067000,2023,Monza,R,5793,53,42.6,29.9,HARD,0 days 00:01:26.617000,STR
0 days 02:09:38.899000,2023,Monza,R,5793,53,42.4,29.8,HARD,0 days 00:01:26.832000,STR
0 days 02:11:06.020000,2023,Monza,R,5793,53,42.5,29.8,HARD,0 days 00:01:27.121000,STR
0 days 02:12:33.318000,2023,Monza,R,5793,53,42.6,29.8,HARD,0 days 00:01:27.298000,STR
0 days 02:14:00.288000,2023,Monza,R,5793,53,42.5,29.9,HARD,0 days 00:01:26.970000,STR
0 days 02:15:27.384000,2023,Monza,R,5793,53,42.5,30.1,HARD,0 days 00:01:27.096000,STR
0 days 02:16:54.757000,2023,Monza,R,5793,53,42.8,30.0,HARD,0 days 00:01:27.373000,STR
0 days 02:18:21.659000,2023,Monza,R,5793,53,42.6,30.0,HARD,0 days 00:01:26.902000,STR
0 days 02:19:48.563000,2023,Monza,R,5793,53,42.8,30.0,HARD,0 days 00:01:26.904000,STR
0 days 02:21:15.635000,2023,Monza,R,5793,53,42.9,30.2,HARD,0 days 00:01:27.072000,STR
0 days 02:22:42.551000,2023,Monza,R,5793,53,42.5,30.3,HARD,0 days 00:01:26.916000,STR
0 days 02:24:09.618000,2023,Monza,R,5793,53,42.5,30.1,HARD,0 days 00:01:27.067000,STR
0 days 02:25:40.752000,2023,Monza,R,5793,53,41.7,30.0,HARD,0 days 00:01:31.134000,STR
0 days 02:27:08.966000,2023,Monza,R,5793,53,41.6,30.0,HARD,0 days 00:01:28.214000,STR
0 days 02:28:37.302000,2023,Monza,R,5793,53,41.8,30.0,HARD,0 days 00:01:28.336000,STR
0 days 02:30:04.455000,2023,Monza,R,5793,53,41.2,30.0,HARD,0 days 00:01:27.153000,STR
0 days 02:31:31.722000,2023,Monza,R,5793,53,41.2,30.0,HARD,0 days 00:01:27.267000,STR
0 days 02:32:59.312000,2023,Monza,R,5793,53,41.0,30.0,HARD,0 days 00:01:27.590000,STR
0 days 02:34:28.779000,2023,Monza,R,5793,53,40.8,30.0,HARD,0 days 00:01:29.467000,STR
0 days 02:35:59.644000,2023,Monza,R,5793,53,40.8,30.0,HARD,0 days 00:01:30.865000,STR
0 days 02:40:15.309000,2023,Monza,R,5793,53,39.3,29.9,HARD,,STR
0 days 01:23:56.303000,2023,Monza,R,5793,53,42.5,29.2,MEDIUM,0 days 00:01:34.407000,SAR
0 days 01:25:24.383000,2023,Monza,R,5793,53,43.2,29.3,MEDIUM,0 days 00:01:28.080000,SAR
0 days 01:26:52.030000,2023,Monza,R,5793,53,43.2,29.4,MEDIUM,0 days 00:01:27.647000,SAR
0 days 01:28:19.419000,2023,Monza,R,5793,53,43.1,29.5,MEDIUM,0 days 00:01:27.389000,SAR
0 days 01:29:46.589000,2023,Monza,R,5793,53,43.3,29.5,MEDIUM,0 days 00:01:27.170000,SAR
0 days 01:31:13.724000,2023,Monza,R,5793,53,43.6,29.6,MEDIUM,0 days 00:01:27.135000,SAR
0 days 01:32:40.975000,2023,Monza,R,5793,53,43.6,29.7,MEDIUM,0 days 00:01:27.251000,SAR
0 days 01:34:08.208000,2023,Monza,R,5793,53,44.1,29.8,MEDIUM,0 days 00:01:27.233000,SAR
0 days 01:35:35.667000,2023,Monza,R,5793,53,43.9,29.8,MEDIUM,0 days 00:01:27.459000,SAR
0 days 01:37:03.352000,2023,Monza,R,5793,53,43.9,29.9,MEDIUM,0 days 00:01:27.685000,SAR
0 days 01:38:31.156000,2023,Monza,R,5793,53,43.3,29.9,MEDIUM,0 days 00:01:27.804000,SAR
0 days 01:39:59.850000,2023,Monza,R,5793,53,43.1,29.8,MEDIUM,0 days 00:01:28.694000,SAR
0 days 01:41:27.649000,2023,Monza,R,5793,53,43.7,30.1,MEDIUM,0 days 00:01:27.799000,SAR
0 days 01:43:00.723000,2023,Monza,R,5793,53,43.7,30.0,MEDIUM,0 days 00:01:33.074000,SAR
0 days 01:44:48.112000,2023,Monza,R,5793,53,43.9,30.0,HARD,0 days 00:01:47.389000,SAR
0 days 01:46:14.952000,2023,Monza,R,5793,53,43.5,29.8,HARD,0 days 00:01:26.840000,SAR
0 days 01:47:41.952000,2023,Monza,R,5793,53,43.5,29.7,HARD,0 days 00:01:27,SAR
0 days 01:49:08.858000,2023,Monza,R,5793,53,44.3,29.9,HARD,0 days 00:01:26.906000,SAR
0 days 01:50:36.023000,2023,Monza,R,5793,53,44.4,30.0,HARD,0 days 00:01:27.165000,SAR
0 days 01:52:03.303000,2023,Monza,R,5793,53,44.3,30.0,HARD,0 days 00:01:27.280000,SAR
0 days 01:53:30.666000,2023,Monza,R,5793,53,43.7,30.0,HARD,0 days 00:01:27.363000,SAR
0 days 01:54:58.131000,2023,Monza,R,5793,53,43.7,29.9,HARD,0 days 00:01:27.465000,SAR
0 days 01:56:25.280000,2023,Monza,R,5793,53,43.5,29.9,HARD,0 days 00:01:27.149000,SAR
0 days 01:57:52.384000,2023,Monza,R,5793,53,43.5,29.9,HARD,0 days 00:01:27.104000,SAR
0 days 01:59:19.549000,2023,Monza,R,5793,53,43.4,29.9,HARD,0 days 00:01:27.165000,SAR
0 days 02:00:46.570000,2023,Monza,R,5793,53,43.4,29.9,HARD,0 days 00:01:27.021000,SAR
0 days 02:02:13.823000,2023,Monza,R,5793,53,43.3,29.9,HARD,0 days 00:01:27.253000,SAR
0 days 02:03:41.369000,2023,Monza,R,5793,53,42.9,29.9,HARD,0 days 00:01:27.546000,SAR
0 days 02:05:08.914000,2023,Monza,R,5793,53,42.5,29.7,HARD,0 days 00:01:27.545000,SAR
0 days 02:06:36.035000,2023,Monza,R,5793,53,42.8,29.8,HARD,0 days 00:01:27.121000,SAR
0 days 02:08:03.496000,2023,Monza,R,5793,53,42.6,29.8,HARD,0 days 00:01:27.461000,SAR
0 days 02:09:31.018000,2023,Monza,R,5793,53,42.4,29.8,HARD,0 days 00:01:27.522000,SAR
0 days 02:10:58.311000,2023,Monza,R,5793,53,42.5,29.8,HARD,0 days 00:01:27.293000,SAR
0 days 02:12:25.530000,2023,Monza,R,5793,53,42.6,29.8,HARD,0 days 00:01:27.219000,SAR
0 days 02:13:52.763000,2023,Monza,R,5793,53,42.5,29.9,HARD,0 days 00:01:27.233000,SAR
0 days 02:15:19.905000,2023,Monza,R,5793,53,42.5,30.1,HARD,0 days 00:01:27.142000,SAR
0 days 02:16:47.197000,2023,Monza,R,5793,53,42.8,30.0,HARD,0 days 00:01:27.292000,SAR
0 days 02:18:14.300000,2023,Monza,R,5793,53,42.6,30.0,HARD,0 days 00:01:27.103000,SAR
0 days 02:19:41.437000,2023,Monza,R,5793,53,42.8,30.0,HARD,0 days 00:01:27.137000,SAR
0 days 02:21:09.077000,2023,Monza,R,5793,53,42.9,30.2,HARD,0 days 00:01:27.640000,SAR
0 days 02:22:36.257000,2023,Monza,R,5793,53,42.5,30.3,HARD,0 days 00:01:27.180000,SAR
0 days 02:24:03.433000,2023,Monza,R,5793,53,42.5,30.2,HARD,0 days 00:01:27.176000,SAR
0 days 02:25:32.818000,2023,Monza,R,5793,53,41.7,30.0,HARD,0 days 00:01:29.385000,SAR
0 days 02:27:00.504000,2023,Monza,R,5793,53,41.7,30.0,HARD,0 days 00:01:27.686000,SAR
0 days 02:28:28.006000,2023,Monza,R,5793,53,41.8,30.0,HARD,0 days 00:01:27.502000,SAR
0 days 02:29:55.715000,2023,Monza,R,5793,53,41.2,30.0,HARD,0 days 00:01:27.709000,SAR
0 days 02:31:23.337000,2023,Monza,R,5793,53,41.2,30.0,HARD,0 days 00:01:27.622000,SAR
0 days 02:32:50.777000,2023,Monza,R,5793,53,41.0,30.0,HARD,0 days 00:01:27.440000,SAR
0 days 02:34:18.519000,2023,Monza,R,5793,53,40.8,30.0,HARD,0 days 00:01:27.742000,SAR
0 days 02:35:48.145000,2023,Monza,R,5793,53,40.8,30.0,HARD,0 days 00:01:29.626000,SAR
0 days 02:39:59.389000,2023,Monza,R,5793,53,39.3,29.9,HARD,,SAR
0 days 01:23:58.362000,2023,Monza,R,5793,53,42.5,29.2,HARD,0 days 00:01:36.466000,MAG
0 days 01:25:27.285000,2023,Monza,R,5793,53,43.2,29.3,HARD,0 days 00:01:28.923000,MAG
0 days 01:26:55.823000,2023,Monza,R,5793,53,43.2,29.4,HARD,0 days 00:01:28.538000,MAG
0 days 01:28:25.075000,2023,Monza,R,5793,53,43.1,29.5,HARD,0 days 00:01:29.252000,MAG
0 days 01:29:53.351000,2023,Monza,R,5793,53,43.3,29.5,HARD,0 days 00:01:28.276000,MAG
0 days 01:31:21.300000,2023,Monza,R,5793,53,43.6,29.6,HARD,0 days 00:01:27.949000,MAG
0 days 01:32:48.991000,2023,Monza,R,5793,53,43.6,29.7,HARD,0 days 00:01:27.691000,MAG
0 days 01:34:16.926000,2023,Monza,R,5793,53,44.1,29.8,HARD,0 days 00:01:27.935000,MAG
0 days 01:35:45.144000,2023,Monza,R,5793,53,43.9,29.8,HARD,0 days 00:01:28.218000,MAG
0 days 01:37:13.655000,2023,Monza,R,5793,53,43.9,29.9,HARD,0 days 00:01:28.511000,MAG
0 days 01:38:42.447000,2023,Monza,R,5793,53,43.3,29.9,HARD,0 days 00:01:28.792000,MAG
0 days 01:40:15.720000,2023,Monza,R,5793,53,43.7,29.9,HARD,0 days 00:01:33.273000,MAG
0 days 01:42:04.144000,2023,Monza,R,5793,53,43.7,30.1,MEDIUM,0 days 00:01:48.424000,MAG
0 days 01:43:32.224000,2023,Monza,R,5793,53,43.5,30.0,MEDIUM,0 days 00:01:28.080000,MAG
0 days 01:45:00.072000,2023,Monza,R,5793,53,43.9,30.0,MEDIUM,0 days 00:01:27.848000,MAG
0 days 01:46:27.721000,2023,Monza,R,5793,53,43.5,29.8,MEDIUM,0 days 00:01:27.649000,MAG
0 days 01:47:55.310000,2023,Monza,R,5793,53,43.5,29.7,MEDIUM,0 days 00:01:27.589000,MAG
0 days 01:49:23.208000,2023,Monza,R,5793,53,44.3,29.9,MEDIUM,0 days 00:01:27.898000,MAG
0 days 01:50:50.367000,2023,Monza,R,5793,53,44.4,30.0,MEDIUM,0 days 00:01:27.159000,MAG
0 days 01:52:17.378000,2023,Monza,R,5793,53,44.0,30.0,MEDIUM,0 days 00:01:27.011000,MAG
0 days 01:53:44.506000,2023,Monza,R,5793,53,43.7,30.0,MEDIUM,0 days 00:01:27.128000,MAG
0 days 01:55:11.750000,2023,Monza,R,5793,53,43.6,29.9,MEDIUM,0 days 00:01:27.244000,MAG
0 days 01:56:39.242000,2023,Monza,R,5793,53,43.5,29.9,MEDIUM,0 days 00:01:27.492000,MAG
0 days 01:58:06.778000,2023,Monza,R,5793,53,43.6,29.8,MEDIUM,0 days 00:01:27.536000,MAG
0 days 01:59:34.280000,2023,Monza,R,5793,53,43.4,29.9,MEDIUM,0 days 00:01:27.502000,MAG
0 days 02:01:01.698000,2023,Monza,R,5793,53,43.4,29.9,MEDIUM,0 days 00:01:27.418000,MAG
0 days 02:02:28.918000,2023,Monza,R,5793,53,43.3,29.9,MEDIUM,0 days 00:01:27.220000,MAG
0 days 02:03:56.072000,2023,Monza,R,5793,53,42.9,29.9,MEDIUM,0 days 00:01:27.154000,MAG
0 days 02:05:23.416000,2023,Monza,R,5793,53,42.5,29.7,MEDIUM,0 days 00:01:27.344000,MAG
0 days 02:06:50.800000,2023,Monza,R,5793,53,42.8,29.8,MEDIUM,0 days 00:01:27.384000,MAG
0 days 02:08:18.286000,2023,Monza,R,5793,53,42.6,29.9,MEDIUM,0 days 00:01:27.486000,MAG
0 days 02:09:45.842000,2023,Monza,R,5793,53,42.4,29.8,MEDIUM,0 days 00:01:27.556000,MAG
0 days 02:11:19,2023,Monza,R,5793,53,42.6,29.8,MEDIUM,0 days 00:01:33.158000,MAG
0 days 02:13:06.333000,2023,Monza,R,5793,53,42.6,29.8,MEDIUM,0 days 00:01:47.333000,MAG
0 days 02:14:32.633000,2023,Monza,R,5793,53,42.5,30.0,MEDIUM,0 days 00:01:26.300000,MAG
0 days 02:15:59.018000,2023,Monza,R,5793,53,42.5,30.1,MEDIUM,0 days 00:01:26.385000,MAG
0 days 02:17:25.472000,2023,Monza,R,5793,53,42.8,30.0,MEDIUM,0 days 00:01:26.454000,MAG
0 days 02:18:51.866000,2023,Monza,R,5793,53,42.6,30.0,MEDIUM,0 days 00:01:26.394000,MAG
0 days 02:20:22.209000,2023,Monza,R,5793,53,42.9,30.1,MEDIUM,0 days 00:01:30.343000,MAG
0 days 02:21:48.905000,2023,Monza,R,5793,53,42.9,30.2,MEDIUM,0 days 00:01:26.696000,MAG
0 days 02:23:15.233000,2023,Monza,R,5793,53,42.5,30.2,MEDIUM,0 days 00:01:26.328000,MAG
0 days 02:24:41.511000,2023,Monza,R,5793,53,42.5,30.1,MEDIUM,0 days 00:01:26.278000,MAG
0 days 02:26:08.022000,2023,Monza,R,5793,53,41.7,30.0,MEDIUM,0 days 00:01:26.511000,MAG
0 days 02:27:34.536000,2023,Monza,R,5793,53,41.6,30.0,MEDIUM,0 days 00:01:26.514000,MAG
0 days 02:29:01.323000,2023,Monza,R,5793,53,41.8,30.0,MEDIUM,0 days 00:01:26.787000,MAG
0 days 02:30:28.306000,2023,Monza,R,5793,53,41.2,30.1,MEDIUM,0 days 00:01:26.983000,MAG
0 days 02:31:54.966000,2023,Monza,R,5793,53,41.2,30.0,MEDIUM,0 days 00:01:26.660000,MAG
0 days 02:33:21.705000,2023,Monza,R,5793,53,40.8,30.0,MEDIUM,0 days 00:01:26.739000,MAG
0 days 02:34:48.759000,2023,Monza,R,5793,53,40.8,30.0,MEDIUM,0 days 00:01:27.054000,MAG
0 days 02:36:15.663000,2023,Monza,R,5793,53,40.8,30.0,MEDIUM,0 days 00:01:26.904000,MAG
0 days 02:38:11.908000,2023,Monza,R,5793,53,40.8,30.0,MEDIUM,,MAG
0 days 01:23:49.013000,2023,Monza,R,5793,53,42.5,29.2,MEDIUM,,TSU
0 days 01:23:52.681000,2023,Monza,R,5793,53,42.5,29.2,MEDIUM,0 days 00:01:30.785000,ALB
0 days 01:25:19.748000,2023,Monza,R,5793,53,43.2,29.3,MEDIUM,0 days 00:01:27.067000,ALB
0 days 01:26:46.326000,2023,Monza,R,5793,53,43.2,29.4,MEDIUM,0 days 00:01:26.578000,ALB
0 days 01:28:13.010000,2023,Monza,R,5793,53,43.1,29.5,MEDIUM,0 days 00:01:26.684000,ALB
0 days 01:29:39.878000,2023,Monza,R,5793,53,43.3,29.5,MEDIUM,0 days 00:01:26.868000,ALB
0 days 01:31:06.539000,2023,Monza,R,5793,53,43.6,29.6,MEDIUM,0 days 00:01:26.661000,ALB
0 days 01:32:33.312000,2023,Monza,R,5793,53,43.6,29.7,MEDIUM,0 days 00:01:26.773000,ALB
0 days 01:33:59.988000,2023,Monza,R,5793,53,43.6,29.7,MEDIUM,0 days 00:01:26.676000,ALB
0 days 01:35:26.826000,2023,Monza,R,5793,53,43.9,29.8,MEDIUM,0 days 00:01:26.838000,ALB
0 days 01:36:54.131000,2023,Monza,R,5793,53,43.9,29.9,MEDIUM,0 days 00:01:27.305000,ALB
0 days 01:38:21.520000,2023,Monza,R,5793,53,43.3,29.9,MEDIUM,0 days 00:01:27.389000,ALB
0 days 01:39:49.053000,2023,Monza,R,5793,53,43.1,29.8,MEDIUM,0 days 00:01:27.533000,ALB
0 days 01:41:16.729000,2023,Monza,R,5793,53,43.7,30.1,MEDIUM,0 days 00:01:27.676000,ALB
0 days 01:42:44.452000,2023,Monza,R,5793,53,43.7,30.0,MEDIUM,0 days 00:01:27.723000,ALB
0 days 01:44:16.753000,2023,Monza,R,5793,53,43.9,30.0,MEDIUM,0 days 00:01:32.301000,ALB
0 days 01:46:04.358000,2023,Monza,R,5793,53,43.7,29.9,HARD,0 days 00:01:47.605000,ALB
0 days 01:47:31.445000,2023,Monza,R,5793,53,43.5,29.7,HARD,0 days 00:01:27.087000,ALB
0 days 01:48:58.338000,2023,Monza,R,5793,53,43.6,29.8,HARD,0 days 00:01:26.893000,ALB
0 days 01:50:25.646000,2023,Monza,R,5793,53,44.4,30.0,HARD,0 days 00:01:27.308000,ALB
0 days 01:51:52.499000,2023,Monza,R,5793,53,44.3,30.0,HARD,0 days 00:01:26.853000,ALB
0 days 01:53:19.100000,2023,Monza,R,5793,53,43.7,30.0,HARD,0 days 00:01:26.601000,ALB
0 days 01:54:45.933000,2023,Monza,R,5793,53,43.7,29.9,HARD,0 days 00:01:26.833000,ALB
0 days 01:56:12.846000,2023,Monza,R,5793,53,43.5,29.9,HARD,0 days 00:01:26.913000,ALB
0 days 01:57:39.594000,2023,Monza,R,5793,53,43.5,29.9,HARD,0 days 00:01:26.748000,ALB
0 days 01:59:06.492000,2023,Monza,R,5793,53,43.4,29.9,HARD,0 days 00:01:26.898000,ALB
0 days 02:00:33.541000,2023,Monza,R,5793,53,43.4,29.9,HARD,0 days 00:01:27.049000,ALB
0 days 02:02:00.276000,2023,Monza,R,5793,53,43.0,29.9,HARD,0 days 00:01:26.735000,ALB
0 days 02:03:27.300000,2023,Monza,R,5793,53,42.9,29.9,HARD,0 days 00:01:27.024000,ALB
0 days 02:04:54.277000,2023,Monza,R,5793,53,42.5,29.7,HARD,0 days 00:01:26.977000,ALB
0 days 02:06:21.217000,2023,Monza,R,5793,53,42.8,29.8,HARD,0 days 00:01:26.940000,ALB
0 days 02:07:47.952000,2023,Monza,R,5793,53,42.6,29.8,HARD,0 days 00:01:26.735000,ALB
0 days 02:09:14.384000,2023,Monza,R,5793,53,42.4,29.8,HARD,0 days 00:01:26.432000,ALB
0 days 02:10:40.773000,2023,Monza,R,5793,53,42.5,29.8,HARD,0 days 00:01:26.389000,ALB
0 days 02:12:07.352000,2023,Monza,R,5793,53,42.6,29.8,HARD,0 days 00:01:26.579000,ALB
0 days 02:13:33.897000,2023,Monza,R,5793,53,42.5,29.9,HARD,0 days 00:01:26.545000,ALB
0 days 02:15:00.878000,2023,Monza,R,5793,53,42.5,30.0,HARD,0 days 00:01:26.981000,ALB
0 days 02:16:27.709000,2023,Monza,R,5793,53,42.8,30.0,HARD,0 days 00:01:26.831000,ALB
0 days 02:17:55.079000,2023,Monza,R,5793,53,42.8,30.0,HARD,0 days 00:01:27.370000,ALB
0 days 02:19:21.881000,2023,Monza,R,5793,53,42.8,30.0,HARD,0 days 00:01:26.802000,ALB
0 days 02:20:48.453000,2023,Monza,R,5793,53,42.9,30.1,HARD,0 days 00:01:26.572000,ALB
0 days 02:22:15.128000,2023,Monza,R,5793,53,42.5,30.3,HARD,0 days 00:01:26.675000,ALB
0 days 02:23:41.836000,2023,Monza,R,5793,53,42.5,30.2,HARD,0 days 00:01:26.708000,ALB
0 days 02:25:08.749000,2023,Monza,R,5793,53,41.7,30.0,HARD,0 days 00:01:26.913000,ALB
0 days 02:26:36.474000,2023,Monza,R,5793,53,41.7,30.0,HARD,0 days 00:01:27.725000,ALB
0 days 02:28:03.381000,2023,Monza,R,5793,53,41.6,30.0,HARD,0 days 00:01:26.907000,ALB
0 days 02:29:30.633000,2023,Monza,R,5793,53,41.2,30.0,HARD,0 days 00:01:27.252000,ALB
0 days 02:30:59.124000,2023,Monza,R,5793,53,41.2,30.1,HARD,0 days 00:01:28.491000,ALB
0 days 02:32:25.946000,2023,Monza,R,5793,53,41.0,30.0,HARD,0 days 00:01:26.822000,ALB
0 days 02:33:53.515000,2023,Monza,R,5793,53,40.8,30.0,HARD,0 days 00:01:27.569000,ALB
0 days 02:35:20.712000,2023,Monza,R,5793,53,40.8,30.0,HARD,0 days 00:01:27.197000,ALB
0 days 02:36:48.145000,2023,Monza,R,5793,53,40.8,30.0,HARD,0 days 00:01:27.433000,ALB
0 days 02:39:28.269000,2023,Monza,R,5793,53,39.3,29.9,HARD,,ALB
0 days 01:23:57.090000,2023,Monza,R,5793,53,42.5,29.2,MEDIUM,0 days 00:01:35.194000,ZHO
0 days 01:25:25.257000,2023,Monza,R,5793,53,43.2,29.3,MEDIUM,0 days 00:01:28.167000,ZHO
0 days 01:26:53.128000,2023,Monza,R,5793,53,43.2,29.4,MEDIUM,0 days 00:01:27.871000,ZHO
0 days 01:28:20.743000,2023,Monza,R,5793,53,43.1,29.5,MEDIUM,0 days 00:01:27.615000,ZHO
0 days 01:29:48.278000,2023,Monza,R,5793,53,43.3,29.5,MEDIUM,0 days 00:01:27.535000,ZHO
0 days 01:31:15.344000,2023,Monza,R,5793,53,43.6,29.6,MEDIUM,0 days 00:01:27.066000,ZHO
0 days 01:32:42.529000,2023,Monza,R,5793,53,43.6,29.7,MEDIUM,0 days 00:01:27.185000,ZHO
0 days 01:34:09.782000,2023,Monza,R,5793,53,44.1,29.8,MEDIUM,0 days 00:01:27.253000,ZHO
0 days 01:35:37.198000,2023,Monza,R,5793,53,43.9,29.8,MEDIUM,0 days 00:01:27.416000,ZHO
0 days 01:37:04.742000,2023,Monza,R,5793,53,43.9,29.9,MEDIUM,0 days 00:01:27.544000,ZHO
0 days 01:38:36.929000,2023,Monza,R,5793,53,43.3,29.9,MEDIUM,0 days 00:01:32.187000,ZHO
0 days 01:40:24.166000,2023,Monza,R,5793,53,43.7,29.9,HARD,0 days 00:01:47.237000,ZHO
0 days 01:41:50.419000,2023,Monza,R,5793,53,43.7,30.1,HARD,0 days 00:01:26.253000,ZHO
0 days 01:43:18.194000,2023,Monza,R,5793,53,43.5,30.0,HARD,0 days 00:01:27.775000,ZHO
0 days 01:44:45.839000,2023,Monza,R,5793,53,43.9,30.0,HARD,0 days 00:01:27.645000,ZHO
0 days 01:46:12.992000,2023,Monza,R,5793,53,43.5,29.8,HARD,0 days 00:01:27.153000,ZHO
0 days 01:47:39.858000,2023,Monza,R,5793,53,43.5,29.7,HARD,0 days 00:01:26.866000,ZHO
0 days 01:49:06.913000,2023,Monza,R,5793,53,44.3,29.9,HARD,0 days 00:01:27.055000,ZHO
0 days 01:50:34.260000,2023,Monza,R,5793,53,44.4,30.0,HARD,0 days 00:01:27.347000,ZHO
0 days 01:52:01.335000,2023,Monza,R,5793,53,44.3,30.0,HARD,0 days 00:01:27.075000,ZHO
0 days 01:53:28.505000,2023,Monza,R,5793,53,43.7,30.0,HARD,0 days 00:01:27.170000,ZHO
0 days 01:54:55.838000,2023,Monza,R,5793,53,43.7,29.9,HARD,0 days 00:01:27.333000,ZHO
0 days 01:56:23.123000,2023,Monza,R,5793,53,43.5,29.9,HARD,0 days 00:01:27.285000,ZHO
0 days 01:57:50.276000,2023,Monza,R,5793,53,43.5,29.9,HARD,0 days 00:01:27.153000,ZHO
0 days 01:59:17.304000,2023,Monza,R,5793,53,43.4,29.9,HARD,0 days 00:01:27.028000,ZHO
0 days 02:00:44.468000,2023,Monza,R,5793,53,43.4,29.9,HARD,0 days 00:01:27.164000,ZHO
0 days 02:02:11.816000,2023,Monza,R,5793,53,43.3,29.9,HARD,0 days 00:01:27.348000,ZHO
0 days 02:03:39.674000,2023,Monza,R,5793,53,42.9,29.9,HARD,0 days 00:01:27.858000,ZHO
0 days 02:05:07.030000,2023,Monza,R,5793,53,42.5,29.7,HARD,0 days 00:01:27.356000,ZHO
0 days 02:06:34.472000,2023,Monza,R,5793,53,42.8,29.8,HARD,0 days 00:01:27.442000,ZHO
0 days 02:08:02.155000,2023,Monza,R,5793,53,42.6,29.8,HARD,0 days 00:01:27.683000,ZHO
0 days 02:09:29.975000,2023,Monza,R,5793,53,42.4,29.8,HARD,0 days 00:01:27.820000,ZHO
0 days 02:11:02.027000,2023,Monza,R,5793,53,42.5,29.8,HARD,0 days 00:01:32.052000,ZHO
0 days 02:12:49.989000,2023,Monza,R,5793,53,42.6,29.8,MEDIUM,0 days 00:01:47.962000,ZHO
0 days 02:14:15.972000,2023,Monza,R,5793,53,42.5,30.0,MEDIUM,0 days 00:01:25.983000,ZHO
0 days 02:15:42.907000,2023,Monza,R,5793,53,42.5,30.1,MEDIUM,0 days 00:01:26.935000,ZHO
0 days 02:17:09.607000,2023,Monza,R,5793,53,42.8,30.0,MEDIUM,0 days 00:01:26.700000,ZHO
0 days 02:18:36.110000,2023,Monza,R,5793,53,42.6,30.0,MEDIUM,0 days 00:01:26.503000,ZHO
0 days 02:20:02.583000,2023,Monza,R,5793,53,42.8,30.0,MEDIUM,0 days 00:01:26.473000,ZHO
0 days 02:21:28.989000,2023,Monza,R,5793,53,42.9,30.2,MEDIUM,0 days 00:01:26.406000,ZHO
0 days 02:22:55.589000,2023,Monza,R,5793,53,42.5,30.3,MEDIUM,0 days 00:01:26.600000,ZHO
0 days 02:24:22.260000,2023,Monza,R,5793,53,42.5,30.1,MEDIUM,0 days 00:01:26.671000,ZHO
0 days 02:25:48.548000,2023,Monza,R,5793,53,41.7,30.0,MEDIUM,0 days 00:01:26.288000,ZHO
0 days 02:27:14.861000,2023,Monza,R,5793,53,41.6,30.0,MEDIUM,0 days 00:01:26.313000,ZHO
0 days 02:28:41.322000,2023,Monza,R,5793,53,41.8,30.0,MEDIUM,0 days 00:01:26.461000,ZHO
0 days 02:30:07.456000,2023,Monza,R,5793,53,41.2,30.1,MEDIUM,0 days 00:01:26.134000,ZHO
0 days 02:31:33.761000,2023,Monza,R,5793,53,41.2,30.0,MEDIUM,0 days 00:01:26.305000,ZHO
0 days 02:33:00.209000,2023,Monza,R,5793,53,41.0,30.0,MEDIUM,0 days 00:01:26.448000,ZHO
0 days 02:34:29.034000,2023,Monza,R,5793,53,40.8,30.0,MEDIUM,0 days 00:01:28.825000,ZHO
0 days 02:35:55.802000,2023,Monza,R,5793,53,40.8,30.0,MEDIUM,0 days 00:01:26.768000,ZHO
0 days 02:40:00.829000,2023,Monza,R,5793,53,39.3,29.9,MEDIUM,,ZHO
0 days 01:23:54.616000,2023,Monza,R,5793,53,42.5,29.2,MEDIUM,0 days 00:01:32.720000,HUL
0 days 01:25:22.536000,2023,Monza,R,5793,53,43.2,29.3,MEDIUM,0 days 00:01:27.920000,HUL
0 days 01:26:49.896000,2023,Monza,R,5793,53,43.2,29.4,MEDIUM,0 days 00:01:27.360000,HUL
0 days 01:28:17.096000,2023,Monza,R,5793,53,43.1,29.5,MEDIUM,0 days 00:01:27.200000,HUL
0 days 01:29:44.131000,2023,Monza,R,5793,53,43.3,29.5,MEDIUM,0 days 00:01:27.035000,HUL
0 days 01:31:11.300000,2023,Monza,R,5793,53,43.6,29.6,MEDIUM,0 days 00:01:27.169000,HUL
0 days 01:32:38.765000,2023,Monza,R,5793,53,43.6,29.7,MEDIUM,0 days 00:01:27.465000,HUL
0 days 01:34:06.824000,2023,Monza,R,5793,53,44.1,29.8,MEDIUM,0 days 00:01:28.059000,HUL
0 days 01:35:34.305000,2023,Monza,R,5793,53,43.9,29.8,MEDIUM,0 days 00:01:27.481000,HUL
0 days 01:37:01.868000,2023,Monza,R,5793,53,43.9,29.9,MEDIUM,0 days 00:01:27.563000,HUL
0 days 01:38:29.923000,2023,Monza,R,5793,53,43.3,29.9,MEDIUM,0 days 00:01:28.055000,HUL
0 days 01:39:59.014000,2023,Monza,R,5793,53,43.1,29.8,MEDIUM,0 days 00:01:29.091000,HUL
0 days 01:41:27.023000,2023,Monza,R,5793,53,43.7,30.1,MEDIUM,0 days 00:01:28.009000,HUL
0 days 01:42:59.681000,2023,Monza,R,5793,53,43.7,30.0,MEDIUM,0 days 00:01:32.658000,HUL
0 days 01:44:49.296000,2023,Monza,R,5793,53,43.9,30.0,HARD,0 days 00:01:49.615000,HUL
0 days 01:46:16.286000,2023,Monza,R,5793,53,43.5,29.8,HARD,0 days 00:01:26.990000,HUL
0 days 01:47:43.274000,2023,Monza,R,5793,53,43.5,29.7,HARD,0 days 00:01:26.988000,HUL
0 days 01:49:10.568000,2023,Monza,R,5793,53,44.3,29.9,HARD,0 days 00:01:27.294000,HUL
0 days 01:50:37.880000,2023,Monza,R,5793,53,44.4,30.0,HARD,0 days 00:01:27.312000,HUL
0 days 01:52:04.958000,2023,Monza,R,5793,53,44.3,30.0,HARD,0 days 00:01:27.078000,HUL
0 days 01:53:32.119000,2023,Monza,R,5793,53,43.7,30.0,HARD,0 days 00:01:27.161000,HUL
0 days 01:54:59.193000,2023,Monza,R,5793,53,43.7,29.9,HARD,0 days 00:01:27.074000,HUL
0 days 01:56:26.483000,2023,Monza,R,5793,53,43.5,29.9,HARD,0 days 00:01:27.290000,HUL
0 days 01:57:53.626000,2023,Monza,R,5793,53,43.5,29.9,HARD,0 days 00:01:27.143000,HUL
0 days 01:59:20.855000,2023,Monza,R,5793,53,43.4,29.9,HARD,0 days 00:01:27.229000,HUL
0 days 02:00:48.199000,2023,Monza,R,5793,53,43.4,29.9,HARD,0 days 00:01:27.344000,HUL
0 days 02:02:15.279000,2023,Monza,R,5793,53,43.3,29.9,HARD,0 days 00:01:27.080000,HUL
0 days 02:03:42.879000,2023,Monza,R,5793,53,42.9,29.9,HARD,0 days 00:01:27.600000,HUL
0 days 02:05:10.345000,2023,Monza,R,5793,53,42.5,29.7,HARD,0 days 00:01:27.466000,HUL
0 days 02:06:38.120000,2023,Monza,R,5793,53,42.8,29.8,HARD,0 days 00:01:27.775000,HUL
0 days 02:08:05.667000,2023,Monza,R,5793,53,42.6,29.8,HARD,0 days 00:01:27.547000,HUL
0 days 02:09:33.643000,2023,Monza,R,5793,53,42.4,29.8,HARD,0 days 00:01:27.976000,HUL
0 days 02:11:02.218000,2023,Monza,R,5793,53,42.5,29.8,HARD,0 days 00:01:28.575000,HUL
0 days 02:12:30.209000,2023,Monza,R,5793,53,42.6,29.8,HARD,0 days 00:01:27.991000,HUL
0 days 02:13:58.154000,2023,Monza,R,5793,53,42.5,29.9,HARD,0 days 00:01:27.945000,HUL
0 days 02:15:26.238000,2023,Monza,R,5793,53,42.5,30.1,HARD,0 days 00:01:28.084000,HUL
0 days 02:16:54.244000,2023,Monza,R,5793,53,42.8,30.0,HARD,0 days 00:01:28.006000,HUL
0 days 02:18:23.213000,2023,Monza,R,5793,53,42.6,30.0,HARD,0 days 00:01:28.969000,HUL
0 days 02:19:55.719000,2023,Monza,R,5793,53,42.8,30.0,HARD,0 days 00:01:32.506000,HUL
0 days 02:21:42.089000,2023,Monza,R,5793,53,42.9,30.2,MEDIUM,0 days 00:01:46.370000,HUL
0 days 02:23:08.484000,2023,Monza,R,5793,53,42.5,30.2,MEDIUM,0 days 00:01:26.395000,HUL
0 days 02:24:34.586000,2023,Monza,R,5793,53,42.5,30.1,MEDIUM,0 days 00:01:26.102000,HUL
0 days 02:26:00.820000,2023,Monza,R,5793,53,41.7,30.0,MEDIUM,0 days 00:01:26.234000,HUL
0 days 02:27:27.279000,2023,Monza,R,5793,53,41.6,30.0,MEDIUM,0 days 00:01:26.459000,HUL
0 days 02:28:54.002000,2023,Monza,R,5793,53,41.8,30.0,MEDIUM,0 days 00:01:26.723000,HUL
0 days 02:30:20.647000,2023,Monza,R,5793,53,41.2,30.1,MEDIUM,0 days 00:01:26.645000,HUL
0 days 02:31:46.898000,2023,Monza,R,5793,53,41.2,30.0,MEDIUM,0 days 00:01:26.251000,HUL
0 days 02:33:13.257000,2023,Monza,R,5793,53,40.8,30.0,MEDIUM,0 days 00:01:26.359000,HUL
0 days 02:34:39.238000,2023,Monza,R,5793,53,40.8,30.0,MEDIUM,0 days 00:01:25.981000,HUL
0 days 02:36:05.132000,2023,Monza,R,5793,53,40.8,30.0,MEDIUM,0 days 00:01:25.894000,HUL
0 days 02:38:22.269000,2023,Monza,R,5793,53,40.8,30.0,MEDIUM,,HUL
0 days 01:23:57.551000,2023,Monza,R,5793,53,42.5,29.2,MEDIUM,0 days 00:01:35.655000,OCO
0 days 01:25:26.218000,2023,Monza,R,5793,53,43.2,29.3,MEDIUM,0 days 00:01:28.667000,OCO
0 days 01:26:54.040000,2023,Monza,R,5793,53,43.2,29.4,MEDIUM,0 days 00:01:27.822000,OCO
0 days 01:28:21.622000,2023,Monza,R,5793,53,43.1,29.5,MEDIUM,0 days 00:01:27.582000,OCO
0 days 01:29:49.007000,2023,Monza,R,5793,53,43.3,29.5,MEDIUM,0 days 00:01:27.385000,OCO
0 days 01:31:16.313000,2023,Monza,R,5793,53,43.6,29.6,MEDIUM,0 days 00:01:27.306000,OCO
0 days 01:32:43.430000,2023,Monza,R,5793,53,43.6,29.7,MEDIUM,0 days 00:01:27.117000,OCO
0 days 01:34:10.739000,2023,Monza,R,5793,53,44.1,29.8,MEDIUM,0 days 00:01:27.309000,OCO
0 days 01:35:38.135000,2023,Monza,R,5793,53,43.9,29.8,MEDIUM,0 days 00:01:27.396000,OCO
0 days 01:37:05.742000,2023,Monza,R,5793,53,43.9,29.9,MEDIUM,0 days 00:01:27.607000,OCO
0 days 01:38:33.480000,2023,Monza,R,5793,53,43.3,29.9,MEDIUM,0 days 00:01:27.738000,OCO
0 days 01:40:01.712000,2023,Monza,R,5793,53,43.1,29.8,MEDIUM,0 days 00:01:28.232000,OCO
0 days 01:41:29.567000,2023,Monza,R,5793,53,43.7,30.1,MEDIUM,0 days 00:01:27.855000,OCO
0 days 01:42:57.658000,2023,Monza,R,5793,53,43.7,30.0,MEDIUM,0 days 00:01:28.091000,OCO
0 days 01:44:25.855000,2023,Monza,R,5793,53,43.9,30.0,MEDIUM,0 days 00:01:28.197000,OCO
0 days 01:45:54.104000,2023,Monza,R,5793,53,43.7,29.9,MEDIUM,0 days 00:01:28.249000,OCO
0 days 01:47:22.215000,2023,Monza,R,5793,53,43.5,29.7,MEDIUM,0 days 00:01:28.111000,OCO
0 days 01:48:50.476000,2023,Monza,R,5793,53,43.6,29.8,MEDIUM,0 days 00:01:28.261000,OCO
0 days 01:50:18.692000,2023,Monza,R,5793,53,44.4,30.0,MEDIUM,0 days 00:01:28.216000,OCO
0 days 01:51:48.079000,2023,Monza,R,5793,53,44.3,30.0,MEDIUM,0 days 00:01:29.387000,OCO
0 days 01:53:16.568000,2023,Monza,R,5793,53,43.7,30.0,MEDIUM,0 days 00:01:28.489000,OCO
0 days 01:54:45.452000,2023,Monza,R,5793,53,43.7,29.9,MEDIUM,0 days 00:01:28.884000,OCO
0 days 01:56:14.926000,2023,Monza,R,5793,53,43.5,29.9,MEDIUM,0 days 00:01:29.474000,OCO
0 days 01:57:48.425000,2023,Monza,R,5793,53,43.5,29.9,MEDIUM,0 days 00:01:33.499000,OCO
0 days 01:59:35.803000,2023,Monza,R,5793,53,43.4,29.9,HARD,0 days 00:01:47.378000,OCO
0 days 02:01:02.961000,2023,Monza,R,5793,53,43.4,29.9,HARD,0 days 00:01:27.158000,OCO
0 days 02:02:30.080000,2023,Monza,R,5793,53,43.3,29.9,HARD,0 days 00:01:27.119000,OCO
0 days 02:03:57.270000,2023,Monza,R,5793,53,42.9,29.9,HARD,0 days 00:01:27.190000,OCO
0 days 02:05:24.620000,2023,Monza,R,5793,53,42.5,29.7,HARD,0 days 00:01:27.350000,OCO
0 days 02:06:51.928000,2023,Monza,R,5793,53,42.8,29.8,HARD,0 days 00:01:27.308000,OCO
0 days 02:08:19.136000,2023,Monza,R,5793,53,42.6,29.9,HARD,0 days 00:01:27.208000,OCO
0 days 02:09:46.255000,2023,Monza,R,5793,53,42.4,29.8,HARD,0 days 00:01:27.119000,OCO
0 days 02:11:13.218000,2023,Monza,R,5793,53,42.6,29.8,HARD,0 days 00:01:26.963000,OCO
0 days 02:12:40.844000,2023,Monza,R,5793,53,42.6,29.8,HARD,0 days 00:01:27.626000,OCO
0 days 02:14:08.285000,2023,Monza,R,5793,53,42.5,30.0,HARD,0 days 00:01:27.441000,OCO
0 days 02:15:35.761000,2023,Monza,R,5793,53,42.5,30.1,HARD,0 days 00:01:27.476000,OCO
0 days 02:17:03.190000,2023,Monza,R,5793,53,42.8,30.0,HARD,0 days 00:01:27.429000,OCO
0 days 02:18:30.269000,2023,Monza,R,5793,53,42.6,30.0,HARD,0 days 00:01:27.079000,OCO
0 days 02:20:16.873000,2023,Monza,R,5793,53,42.9,30.1,HARD,0 days 00:01:46.604000,OCO
0 days 01:23:53.409000,2023,Monza,R,5793,53,42.5,29.2,MEDIUM,0 days 00:01:31.513000,NOR
0 days 01:25:20.984000,2023,Monza,R,5793,53,43.2,29.3,MEDIUM,0 days 00:01:27.575000,NOR
0 days 01:26:48.089000,2023,Monza,R,5793,53,43.2,29.4,MEDIUM,0 days 00:01:27.105000,NOR
0 days 01:28:15.158000,2023,Monza,R,5793,53,43.1,29.5,MEDIUM,0 days 00:01:27.069000,NOR
0 days 01:29:42.300000,2023,Monza,R,5793,53,43.3,29.5,MEDIUM,0 days 00:01:27.142000,NOR
0 days 01:31:09.096000,2023,Monza,R,5793,53,43.6,29.6,MEDIUM,0 days 00:01:26.796000,NOR
0 days 01:32:35.960000,2023,Monza,R,5793,53,43.6,29.7,MEDIUM,0 days 00:01:26.864000,NOR
0 days 01:34:02.588000,2023,Monza,R,5793,53,43.6,29.7,MEDIUM,0 days 00:01:26.628000,NOR
0 days 01:35:29.481000,2023,Monza,R,5793,53,43.9,29.8,MEDIUM,0 days 00:01:26.893000,NOR
0 days 01:36:56.446000,2023,Monza,R,5793,53,43.9,29.9,MEDIUM,0 days 00:01:26.965000,NOR
0 days 01:38:23.512000,2023,Monza,R,5793,53,43.3,29.9,MEDIUM,0 days 00:01:27.066000,NOR
0 days 01:39:50.950000,2023,Monza,R,5793,53,43.1,29.8,MEDIUM,0 days 00:01:27.438000,NOR
0 days 01:41:18.309000,2023,Monza,R,5793,53,43.7,30.1,MEDIUM,0 days 00:01:27.359000,NOR
0 days 01:42:45.787000,2023,Monza,R,5793,53,43.7,30.0,MEDIUM,0 days 00:01:27.478000,NOR
0 days 01:44:13.583000,2023,Monza,R,5793,53,43.9,30.0,MEDIUM,0 days 00:01:27.796000,NOR
0 days 01:45:40.782000,2023,Monza,R,5793,53,43.7,29.9,MEDIUM,0 days 00:01:27.199000,NOR
0 days 01:47:08.379000,2023,Monza,R,5793,53,43.5,29.7,MEDIUM,0 days 00:01:27.597000,NOR
0 days 01:48:35.651000,2023,Monza,R,5793,53,43.6,29.8,MEDIUM,0 days 00:01:27.272000,NOR
0 days 01:50:02.931000,2023,Monza,R,5793,53,44.3,29.9,MEDIUM,0 days 00:01:27.280000,NOR
0 days 01:51:30.647000,2023,Monza,R,5793,53,44.3,30.0,MEDIUM,0 days 00:01:27.716000,NOR
0 days 01:52:58.365000,2023,Monza,R,5793,53,44.0,30.0,MEDIUM,0 days 00:01:27.718000,NOR
0 days 01:54:30.012000,2023,Monza,R,5793,53,43.7,29.9,MEDIUM,0 days 00:01:31.647000,NOR
0 days 01:56:16.294000,2023,Monza,R,5793,53,43.5,29.9,HARD,0 days 00:01:46.282000,NOR
0 days 01:57:42.438000,2023,Monza,R,5793,53,43.5,29.9,HARD,0 days 00:01:26.144000,NOR
0 days 01:59:08.862000,2023,Monza,R,5793,53,43.4,29.9,HARD,0 days 00:01:26.424000,NOR
0 days 02:00:35.264000,2023,Monza,R,5793,53,43.4,29.9,HARD,0 days 00:01:26.402000,NOR
0 days 02:02:01.749000,2023,Monza,R,5793,53,43.0,29.9,HARD,0 days 00:01:26.485000,NOR
0 days 02:03:28.145000,2023,Monza,R,5793,53,42.9,29.9,HARD,0 days 00:01:26.396000,NOR
0 days 02:04:54.617000,2023,Monza,R,5793,53,42.5,29.7,HARD,0 days 00:01:26.472000,NOR
0 days 02:06:21.585000,2023,Monza,R,5793,53,42.8,29.8,HARD,0 days 00:01:26.968000,NOR
0 days 02:07:48.494000,2023,Monza,R,5793,53,42.6,29.8,HARD,0 days 00:01:26.909000,NOR
0 days 02:09:15.080000,2023,Monza,R,5793,53,42.4,29.8,HARD,0 days 00:01:26.586000,NOR
0 days 02:10:41.535000,2023,Monza,R,5793,53,42.5,29.8,HARD,0 days 00:01:26.455000,NOR
0 days 02:12:07.901000,2023,Monza,R,5793,53,42.6,29.8,HARD,0 days 00:01:26.366000,NOR
0 days 02:13:34.365000,2023,Monza,R,5793,53,42.5,29.9,HARD,0 days 00:01:26.464000,NOR
0 days 02:15:01.425000,2023,Monza,R,5793,53,42.5,30.0,HARD,0 days 00:01:27.060000,NOR
0 days 02:16:28.020000,2023,Monza,R,5793,53,42.8,30.0,HARD,0 days 00:01:26.595000,NOR
0 days 02:17:55.587000,2023,Monza,R,5793,53,42.8,30.0,HARD,0 days 00:01:27.567000,NOR
0 days 02:19:22.379000,2023,Monza,R,5793,53,42.8,30.0,HARD,0 days 00:01:26.792000,NOR
0 days 02:20:49.140000,2023,Monza,R,5793,53,42.9,30.1,HARD,0 days 00:01:26.761000,NOR
0 days 02:22:15.702000,2023,Monza,R,5793,53,42.5,30.3,HARD,0 days 00:01:26.562000,NOR
0 days 02:23:42.325000,2023,Monza,R,5793,53,42.5,30.2,HARD,0 days 00:01:26.623000,NOR
0 days 02:25:09.135000,2023,Monza,R,5793,53,41.7,30.0,HARD,0 days 00:01:26.810000,NOR
0 days 02:26:37.126000,2023,Monza,R,5793,53,41.7,30.0,HARD,0 days 00:01:27.991000,NOR
0 days 02:28:04.592000,2023,Monza,R,5793,53,41.6,30.0,HARD,0 days 00:01:27.466000,NOR
0 days 02:29:31.609000,2023,Monza,R,5793,53,41.2,30.0,HARD,0 days 00:01:27.017000,NOR
0 days 02:30:59.495000,2023,Monza,R,5793,53,41.2,30.1,HARD,0 days 00:01:27.886000,NOR
0 days 02:32:26.228000,2023,Monza,R,5793,53,41.0,30.0,HARD,0 days 00:01:26.733000,NOR
0 days 02:33:53.889000,2023,Monza,R,5793,53,40.8,30.0,HARD,0 days 00:01:27.661000,NOR
0 days 02:35:21.063000,2023,Monza,R,5793,53,40.8,30.0,HARD,0 days 00:01:27.174000,NOR
0 days 02:36:48.488000,2023,Monza,R,5793,53,40.8,30.0,HARD,0 days 00:01:27.425000,NOR
0 days 02:39:05.309000,2023,Monza,R,5793,53,39.3,29.9,HARD,,NOR
0 days 01:23:55.789000,2023,Monza,R,5793,53,42.5,29.2,MEDIUM,0 days 00:01:33.893000,LAW
0 days 01:25:23.807000,2023,Monza,R,5793,53,43.2,29.3,MEDIUM,0 days 00:01:28.018000,LAW
0 days 01:26:51.464000,2023,Monza,R,5793,53,43.2,29.4,MEDIUM,0 days 00:01:27.657000,LAW
0 days 01:28:18.594000,2023,Monza,R,5793,53,43.1,29.5,MEDIUM,0 days 00:01:27.130000,LAW
0 days 01:29:45.799000,2023,Monza,R,5793,53,43.3,29.5,MEDIUM,0 days 00:01:27.205000,LAW
0 days 01:31:13.062000,2023,Monza,R,5793,53,43.6,29.6,MEDIUM,0 days 00:01:27.263000,LAW
0 days 01:32:40.216000,2023,Monza,R,5793,53,43.6,29.7,MEDIUM,0 days 00:01:27.154000,LAW
0 days 01:34:07.547000,2023,Monza,R,5793,53,44.1,29.8,MEDIUM,0 days 00:01:27.331000,LAW
0 days 01:35:35.053000,2023,Monza,R,5793,53,43.9,29.8,MEDIUM,0 days 00:01:27.506000,LAW
0 days 01:37:02.701000,2023,Monza,R,5793,53,43.9,29.9,MEDIUM,0 days 00:01:27.648000,LAW
0 days 01:38:30.593000,2023,Monza,R,5793,53,43.3,29.9,MEDIUM,0 days 00:01:27.892000,LAW
0 days 01:39:58.224000,2023,Monza,R,5793,53,43.1,29.8,MEDIUM,0 days 00:01:27.631000,LAW
0 days 01:41:30.277000,2023,Monza,R,5793,53,43.7,30.1,MEDIUM,0 days 00:01:32.053000,LAW
0 days 01:43:17.621000,2023,Monza,R,5793,53,43.5,30.0,HARD,0 days 00:01:47.344000,LAW
0 days 01:44:44.651000,2023,Monza,R,5793,53,43.9,30.0,HARD,0 days 00:01:27.030000,LAW
0 days 01:46:12.063000,2023,Monza,R,5793,53,43.5,29.8,HARD,0 days 00:01:27.412000,LAW
0 days 01:47:39.108000,2023,Monza,R,5793,53,43.5,29.7,HARD,0 days 00:01:27.045000,LAW
0 days 01:49:05.923000,2023,Monza,R,5793,53,43.6,29.8,HARD,0 days 00:01:26.815000,LAW
0 days 01:50:32.970000,2023,Monza,R,5793,53,44.4,30.0,HARD,0 days 00:01:27.047000,LAW
0 days 01:51:59.860000,2023,Monza,R,5793,53,44.3,30.0,HARD,0 days 00:01:26.890000,LAW
0 days 01:53:27.031000,2023,Monza,R,5793,53,43.7,30.0,HARD,0 days 00:01:27.171000,LAW
0 days 01:54:55.090000,2023,Monza,R,5793,53,43.7,29.9,HARD,0 days 00:01:28.059000,LAW
0 days 01:56:22.305000,2023,Monza,R,5793,53,43.5,29.9,HARD,0 days 00:01:27.215000,LAW
0 days 01:57:49.354000,2023,Monza,R,5793,53,43.5,29.9,HARD,0 days 00:01:27.049000,LAW
0 days 01:59:16.558000,2023,Monza,R,5793,53,43.4,29.9,HARD,0 days 00:01:27.204000,LAW
0 days 02:00:43.647000,2023,Monza,R,5793,53,43.4,29.9,HARD,0 days 00:01:27.089000,LAW
0 days 02:02:10.672000,2023,Monza,R,5793,53,43.3,29.9,HARD,0 days 00:01:27.025000,LAW
0 days 02:03:38.048000,2023,Monza,R,5793,53,42.9,29.9,HARD,0 days 00:01:27.376000,LAW
0 days 02:05:05.156000,2023,Monza,R,5793,53,42.5,29.7,HARD,0 days 00:01:27.108000,LAW
0 days 02:06:32.643000,2023,Monza,R,5793,53,42.8,29.8,HARD,0 days 00:01:27.487000,LAW
0 days 02:08:00.158000,2023,Monza,R,5793,53,42.6,29.8,HARD,0 days 00:01:27.515000,LAW
0 days 02:09:27.654000,2023,Monza,R,5793,53,42.4,29.8,HARD,0 days 00:01:27.496000,LAW
0 days 02:10:59.497000,2023,Monza,R,5793,53,42.5,29.8,HARD,0 days 00:01:31.843000,LAW
0 days 02:12:46.207000,2023,Monza,R,5793,53,42.6,29.8,MEDIUM,0 days 00:01:46.710000,LAW
0 days 02:14:12.467000,2023,Monza,R,5793,53,42.5,30.0,MEDIUM,0 days 00:01:26.260000,LAW
0 days 02:15:38.851000,2023,Monza,R,5793,53,42.5,30.1,MEDIUM,0 days 00:01:26.384000,LAW
0 days 02:17:05.104000,2023,Monza,R,5793,53,42.8,30.0,MEDIUM,0 days 00:01:26.253000,LAW
0 days 02:18:31.207000,2023,Monza,R,5793,53,42.6,30.0,MEDIUM,0 days 00:01:26.103000,LAW
0 days 02:19:57.452000,2023,Monza,R,5793,53,42.8,30.0,MEDIUM,0 days 00:01:26.245000,LAW
0 days 02:21:23.725000,2023,Monza,R,5793,53,42.9,30.2,MEDIUM,0 days 00:01:26.273000,LAW
0 days 02:22:50.142000,2023,Monza,R,5793,53,42.5,30.3,MEDIUM,0 days 00:01:26.417000,LAW
0 days 02:24:16.263000,2023,Monza,R,5793,53,42.5,30.1,MEDIUM,0 days 00:01:26.121000,LAW
0 days 02:25:42.406000,2023,Monza,R,5793,53,41.7,30.0,MEDIUM,0 days 00:01:26.143000,LAW
0 days 02:27:08.248000,2023,Monza,R,5793,53,41.6,30.0,MEDIUM,0 days 00:01:25.842000,LAW
0 days 02:28:34.382000,2023,Monza,R,5793,53,41.8,30.0,MEDIUM,0 days 00:01:26.134000,LAW
0 days 02:30:00.400000,2023,Monza,R,5793,53,41.2,30.0,MEDIUM,0 days 00:01:26.018000,LAW
0 days 02:31:27.056000,2023,Monza,R,5793,53,41.2,30.0,MEDIUM,0 days 00:01:26.656000,LAW
0 days 02:32:53.154000,2023,Monza,R,5793,53,41.0,30.0,MEDIUM,0 days 00:01:26.098000,LAW
0 days 02:34:20.389000,2023,Monza,R,5793,53,40.8,30.0,MEDIUM,0 days 00:01:27.235000,LAW
0 days 02:35:46.825000,2023,Monza,R,5793,53,40.8,30.0,MEDIUM,0 days 00:01:26.436000,LAW
0 days 02:39:54.509000,2023,Monza,R,5793,53,39.3,29.9,MEDIUM,,LAW
0 days 01:23:53.907000,2023,Monza,R,5793,53,42.5,29.2,HARD,0 days 00:01:32.011000,HAM
0 days 01:25:21.744000,2023,Monza,R,5793,53,43.2,29.3,HARD,0 days 00:01:27.837000,HAM
0 days 01:26:49.033000,2023,Monza,R,5793,53,43.2,29.4,HARD,0 days 00:01:27.289000,HAM
0 days 01:28:16.266000,2023,Monza,R,5793,53,43.1,29.5,HARD,0 days 00:01:27.233000,HAM
0 days 01:29:43.281000,2023,Monza,R,5793,53,43.3,29.5,HARD,0 days 00:01:27.015000,HAM
0 days 01:31:09.992000,2023,Monza,R,5793,53,43.6,29.6,HARD,0 days 00:01:26.711000,HAM
0 days 01:32:36.692000,2023,Monza,R,5793,53,43.6,29.7,HARD,0 days 00:01:26.700000,HAM
0 days 01:34:03.335000,2023,Monza,R,5793,53,43.6,29.7,HARD,0 days 00:01:26.643000,HAM
0 days 01:35:30.091000,2023,Monza,R,5793,53,43.9,29.8,HARD,0 days 00:01:26.756000,HAM
0 days 01:36:57.086000,2023,Monza,R,5793,53,43.9,29.9,HARD,0 days 00:01:26.995000,HAM
0 days 01:38:24.205000,2023,Monza,R,5793,53,43.3,29.9,HARD,0 days 00:01:27.119000,HAM
0 days 01:39:51.399000,2023,Monza,R,5793,53,43.1,29.8,HARD,0 days 00:01:27.194000,HAM
0 days 01:41:18.691000,2023,Monza,R,5793,53,43.7,30.1,HARD,0 days 00:01:27.292000,HAM
0 days 01:42:46.217000,2023,Monza,R,5793,53,43.7,30.0,HARD,0 days 00:01:27.526000,HAM
0 days 01:44:14.302000,2023,Monza,R,5793,53,43.9,30.0,HARD,0 days 00:01:28.085000,HAM
0 days 01:45:41.542000,2023,Monza,R,5793,53,43.7,29.9,HARD,0 days 00:01:27.240000,HAM
0 days 01:47:09.127000,2023,Monza,R,5793,53,43.5,29.7,HARD,0 days 00:01:27.585000,HAM
0 days 01:48:36.406000,2023,Monza,R,5793,53,43.6,29.8,HARD,0 days 00:01:27.279000,HAM
0 days 01:50:03.855000,2023,Monza,R,5793,53,44.3,29.9,HARD,0 days 00:01:27.449000,HAM
0 days 01:51:31.685000,2023,Monza,R,5793,53,44.3,30.0,HARD,0 days 00:01:27.830000,HAM
0 days 01:52:59.084000,2023,Monza,R,5793,53,44.0,30.0,HARD,0 days 00:01:27.399000,HAM
0 days 01:54:26.238000,2023,Monza,R,5793,53,43.7,29.9,HARD,0 days 00:01:27.154000,HAM
0 days 01:55:53.505000,2023,Monza,R,5793,53,43.6,29.9,HARD,0 days 00:01:27.267000,HAM
0 days 01:57:20.816000,2023,Monza,R,5793,53,43.5,29.9,HARD,0 days 00:01:27.311000,HAM
0 days 01:58:48.607000,2023,Monza,R,5793,53,43.6,29.8,HARD,0 days 00:01:27.791000,HAM
0 days 02:00:16.014000,2023,Monza,R,5793,53,43.4,29.9,HARD,0 days 00:01:27.407000,HAM
0 days 02:01:49.242000,2023,Monza,R,5793,53,43.0,29.9,HARD,0 days 00:01:33.228000,HAM
0 days 02:03:35.220000,2023,Monza,R,5793,53,42.9,29.9,MEDIUM,0 days 00:01:45.978000,HAM
0 days 02:05:00.802000,2023,Monza,R,5793,53,42.5,29.7,MEDIUM,0 days 00:01:25.582000,HAM
0 days 02:06:27.142000,2023,Monza,R,5793,53,42.8,29.8,MEDIUM,0 days 00:01:26.340000,HAM
0 days 02:07:53.546000,2023,Monza,R,5793,53,42.6,29.8,MEDIUM,0 days 00:01:26.404000,HAM
0 days 02:09:20.166000,2023,Monza,R,5793,53,42.4,29.8,MEDIUM,0 days 00:01:26.620000,HAM
0 days 02:10:46.750000,2023,Monza,R,5793,53,42.5,29.8,MEDIUM,0 days 00:01:26.584000,HAM
0 days 02:12:12.986000,2023,Monza,R,5793,53,42.6,29.8,MEDIUM,0 days 00:01:26.236000,HAM
0 days 02:13:39.002000,2023,Monza,R,5793,53,42.5,29.9,MEDIUM,0 days 00:01:26.016000,HAM
0 days 02:15:05.207000,2023,Monza,R,5793,53,42.5,30.0,MEDIUM,0 days 00:01:26.205000,HAM
0 days 02:16:31.206000,2023,Monza,R,5793,53,42.8,30.0,MEDIUM,0 days 00:01:25.999000,HAM
0 days 02:17:57.480000,2023,Monza,R,5793,53,42.8,30.0,MEDIUM,0 days 00:01:26.274000,HAM
0 days 02:19:23.729000,2023,Monza,R,5793,53,42.8,30.0,MEDIUM,0 days 00:01:26.249000,HAM
0 days 02:20:50.387000,2023,Monza,R,5793,53,42.9,30.1,MEDIUM,0 days 00:01:26.658000,HAM
0 days 02:22:17.888000,2023,Monza,R,5793,53,42.5,30.3,MEDIUM,0 days 00:01:27.501000,HAM
0 days 02:23:44.104000,2023,Monza,R,5793,53,42.5,30.2,MEDIUM,0 days 00:01:26.216000,HAM
0 days 02:25:10.197000,2023,Monza,R,5793,53,41.7,30.0,MEDIUM,0 days 00:01:26.093000,HAM
0 days 02:26:37.349000,2023,Monza,R,5793,53,41.7,30.0,MEDIUM,0 days 00:01:27.152000,HAM
0 days 02:28:03.682000,2023,Monza,R,5793,53,41.6,30.0,MEDIUM,0 days 00:01:26.333000,HAM
0 days 02:29:30.875000,2023,Monza,R,5793,53,41.2,30.0,MEDIUM,0 days 00:01:27.193000,HAM
0 days 02:30:56.995000,2023,Monza,R,5793,53,41.2,30.1,MEDIUM,0 days 00:01:26.120000,HAM
0 days 02:32:22.810000,2023,Monza,R,5793,53,41.0,30.0,MEDIUM,0 days 00:01:25.815000,HAM
0 days 02:33:48.698000,2023,Monza,R,5793,53,40.8,30.0,MEDIUM,0 days 00:01:25.888000,HAM
0 days 02:35:14.625000,2023,Monza,R,5793,53,40.8,30.0,MEDIUM,0 days 00:01:25.927000,HAM
0 days 02:36:40.718000,2023,Monza,R,5793,53,40.8,30.0,MEDIUM,0 days 00:01:26.093000,HAM
0 days 02:39:06.549000,2023,Monza,R,5793,53,39.3,29.9,MEDIUM,,HAM
0 days 01:23:49.013000,2023,Monza,R,5793,53,42.5,29.2,MEDIUM,0 days 00:01:27.117000,SAI
0 days 01:25:15.019000,2023,Monza,R,5793,53,43.2,29.3,MEDIUM,0 days 00:01:26.006000,SAI
0 days 01:26:40.995000,2023,Monza,R,5793,53,43.2,29.4,MEDIUM,0 days 00:01:25.976000,SAI
0 days 01:28:07.062000,2023,Monza,R,5793,53,43.1,29.5,MEDIUM,0 days 00:01:26.067000,SAI
0 days 01:29:33.485000,2023,Monza,R,5793,53,43.3,29.5,MEDIUM,0 days 00:01:26.423000,SAI
0 days 01:31:00.100000,2023,Monza,R,5793,53,43.4,29.7,MEDIUM,0 days 00:01:26.615000,SAI
0 days 01:32:26.458000,2023,Monza,R,5793,53,43.6,29.7,MEDIUM,0 days 00:01:26.358000,SAI
0 days 01:33:52.682000,2023,Monza,R,5793,53,43.6,29.7,MEDIUM,0 days 00:01:26.224000,SAI
0 days 01:35:19.158000,2023,Monza,R,5793,53,43.9,29.8,MEDIUM,0 days 00:01:26.476000,SAI
0 days 01:36:45.669000,2023,Monza,R,5793,53,43.9,29.9,MEDIUM,0 days 00:01:26.511000,SAI
0 days 01:38:12.360000,2023,Monza,R,5793,53,43.3,29.9,MEDIUM,0 days 00:01:26.691000,SAI
0 days 01:39:38.768000,2023,Monza,R,5793,53,43.1,29.8,MEDIUM,0 days 00:01:26.408000,SAI
0 days 01:41:05.655000,2023,Monza,R,5793,53,43.7,29.9,MEDIUM,0 days 00:01:26.887000,SAI
0 days 01:42:32.627000,2023,Monza,R,5793,53,43.7,30.0,MEDIUM,0 days 00:01:26.972000,SAI
0 days 01:44:00.846000,2023,Monza,R,5793,53,43.5,30.0,MEDIUM,0 days 00:01:28.219000,SAI
0 days 01:45:28.169000,2023,Monza,R,5793,53,43.7,29.9,MEDIUM,0 days 00:01:27.323000,SAI
0 days 01:46:55.890000,2023,Monza,R,5793,53,43.5,29.8,MEDIUM,0 days 00:01:27.721000,SAI
0 days 01:48:23.402000,2023,Monza,R,5793,53,43.6,29.8,MEDIUM,0 days 00:01:27.512000,SAI
0 days 01:49:55.314000,2023,Monza,R,5793,53,44.3,29.9,MEDIUM,0 days 00:01:31.912000,SAI
0 days 01:51:42.076000,2023,Monza,R,5793,53,44.3,30.0,HARD,0 days 00:01:46.762000,SAI
0 days 01:53:08.222000,2023,Monza,R,5793,53,43.7,30.0,HARD,0 days 00:01:26.146000,SAI
0 days 01:54:33.780000,2023,Monza,R,5793,53,43.7,29.9,HARD,0 days 00:01:25.558000,SAI
0 days 01:55:59.573000,2023,Monza,R,5793,53,43.6,29.9,HARD,0 days 00:01:25.793000,SAI
0 days 01:57:25.475000,2023,Monza,R,5793,53,43.5,29.9,HARD,0 days 00:01:25.902000,SAI
0 days 01:58:51.480000,2023,Monza,R,5793,53,43.6,29.8,HARD,0 days 00:01:26.005000,SAI
0 days 02:00:17.316000,2023,Monza,R,5793,53,43.4,29.9,HARD,0 days 00:01:25.836000,SAI
0 days 02:01:43.481000,2023,Monza,R,5793,53,43.0,29.9,HARD,0 days 00:01:26.165000,SAI
0 days 02:03:09.251000,2023,Monza,R,5793,53,42.9,29.9,HARD,0 days 00:01:25.770000,SAI
0 days 02:04:34.971000,2023,Monza,R,5793,53,42.5,29.7,HARD,0 days 00:01:25.720000,SAI
0 days 02:06:00.472000,2023,Monza,R,5793,53,42.5,29.7,HARD,0 days 00:01:25.501000,SAI
0 days 02:07:26.190000,2023,Monza,R,5793,53,42.6,29.8,HARD,0 days 00:01:25.718000,SAI
0 days 02:08:52.086000,2023,Monza,R,5793,53,42.6,29.9,HARD,0 days 00:01:25.896000,SAI
0 days 02:10:18.012000,2023,Monza,R,5793,53,42.5,29.8,HARD,0 days 00:01:25.926000,SAI
0 days 02:11:44.138000,2023,Monza,R,5793,53,42.6,29.8,HARD,0 days 00:01:26.126000,SAI
0 days 02:13:09.927000,2023,Monza,R,5793,53,42.5,29.9,HARD,0 days 00:01:25.789000,SAI
0 days 02:14:35.938000,2023,Monza,R,5793,53,42.5,30.0,HARD,0 days 00:01:26.011000,SAI
0 days 02:16:01.824000,2023,Monza,R,5793,53,42.5,30.1,HARD,0 days 00:01:25.886000,SAI
0 days 02:17:27.529000,2023,Monza,R,5793,53,42.8,30.0,HARD,0 days 00:01:25.705000,SAI
0 days 02:18:53.453000,2023,Monza,R,5793,53,42.6,30.0,HARD,0 days 00:01:25.924000,SAI
0 days 02:20:19.575000,2023,Monza,R,5793,53,42.9,30.1,HARD,0 days 00:01:26.122000,SAI
0 days 02:21:46.313000,2023,Monza,R,5793,53,42.9,30.2,HARD,0 days 00:01:26.738000,SAI
0 days 02:23:12.792000,2023,Monza,R,5793,53,42.5,30.2,HARD,0 days 00:01:26.479000,SAI
0 days 02:24:39.381000,2023,Monza,R,5793,53,42.5,30.1,HARD,0 days 00:01:26.589000,SAI
0 days 02:26:05.811000,2023,Monza,R,5793,53,41.7,30.0,HARD,0 days 00:01:26.430000,SAI
0 days 02:27:32.443000,2023,Monza,R,5793,53,41.6,30.0,HARD,0 days 00:01:26.632000,SAI
0 days 02:28:59.746000,2023,Monza,R,5793,53,41.8,30.0,HARD,0 days 00:01:27.303000,SAI
0 days 02:30:26.842000,2023,Monza,R,5793,53,41.2,30.1,HARD,0 days 00:01:27.096000,SAI
0 days 02:31:53.642000,2023,Monza,R,5793,53,41.2,30.0,HARD,0 days 00:01:26.800000,SAI
0 days 02:33:20.412000,2023,Monza,R,5793,53,40.8,30.0,HARD,0 days 00:01:26.770000,SAI
0 days 02:34:47.188000,2023,Monza,R,5793,53,40.8,30.0,HARD,0 days 00:01:26.776000,SAI
0 days 02:36:14.232000,2023,Monza,R,5793,53,40.8,30.0,HARD,0 days 00:01:27.044000,SAI
0 days 02:39:36.349000,2023,Monza,R,5793,53,39.3,29.9,HARD,,SAI
0 days 01:23:51.235000,2023,Monza,R,5793,53,42.5,29.2,MEDIUM,0 days 00:01:29.339000,RUS
0 days 01:25:17.921000,2023,Monza,R,5793,53,43.2,29.3,MEDIUM,0 days 00:01:26.686000,RUS
0 days 01:26:44.097000,2023,Monza,R,5793,53,43.2,29.4,MEDIUM,0 days 00:01:26.176000,RUS
0 days 01:28:10.275000,2023,Monza,R,5793,53,43.1,29.5,MEDIUM,0 days 00:01:26.178000,RUS
0 days 01:29:36.524000,2023,Monza,R,5793,53,43.3,29.5,MEDIUM,0 days 00:01:26.249000,RUS
0 days 01:31:03.039000,2023,Monza,R,5793,53,43.4,29.7,MEDIUM,0 days 00:01:26.515000,RUS
0 days 01:32:29.554000,2023,Monza,R,5793,53,43.6,29.7,MEDIUM,0 days 00:01:26.515000,RUS
0 days 01:33:56.148000,2023,Monza,R,5793,53,43.6,29.7,MEDIUM,0 days 00:01:26.594000,RUS
0 days 01:35:22.858000,2023,Monza,R,5793,53,43.9,29.8,MEDIUM,0 days 00:01:26.710000,RUS
0 days 01:36:49.513000,2023,Monza,R,5793,53,43.9,29.9,MEDIUM,0 days 00:01:26.655000,RUS
0 days 01:38:16.699000,2023,Monza,R,5793,53,43.3,29.9,MEDIUM,0 days 00:01:27.186000,RUS
0 days 01:39:43.743000,2023,Monza,R,5793,53,43.1,29.8,MEDIUM,0 days 00:01:27.044000,RUS
0 days 01:41:10.705000,2023,Monza,R,5793,53,43.7,30.1,MEDIUM,0 days 00:01:26.962000,RUS
0 days 01:42:37.990000,2023,Monza,R,5793,53,43.7,30.0,MEDIUM,0 days 00:01:27.285000,RUS
0 days 01:44:04.995000,2023,Monza,R,5793,53,43.5,30.0,MEDIUM,0 days 00:01:27.005000,RUS
0 days 01:45:32.971000,2023,Monza,R,5793,53,43.7,29.9,MEDIUM,0 days 00:01:27.976000,RUS
0 days 01:47:00.026000,2023,Monza,R,5793,53,43.5,29.8,MEDIUM,0 days 00:01:27.055000,RUS
0 days 01:48:27.409000,2023,Monza,R,5793,53,43.6,29.8,MEDIUM,0 days 00:01:27.383000,RUS
0 days 01:49:59.294000,2023,Monza,R,5793,53,44.3,29.9,MEDIUM,0 days 00:01:31.885000,RUS
0 days 01:51:44.604000,2023,Monza,R,5793,53,44.3,30.0,HARD,0 days 00:01:45.310000,RUS
0 days 01:53:11.060000,2023,Monza,R,5793,53,43.7,30.0,HARD,0 days 00:01:26.456000,RUS
0 days 01:54:37.775000,2023,Monza,R,5793,53,43.7,29.9,HARD,0 days 00:01:26.715000,RUS
0 days 01:56:04.380000,2023,Monza,R,5793,53,43.6,29.9,HARD,0 days 00:01:26.605000,RUS
0 days 01:57:31.051000,2023,Monza,R,5793,53,43.5,29.9,HARD,0 days 00:01:26.671000,RUS
0 days 01:58:57.371000,2023,Monza,R,5793,53,43.6,29.8,HARD,0 days 00:01:26.320000,RUS
0 days 02:00:23.781000,2023,Monza,R,5793,53,43.4,29.9,HARD,0 days 00:01:26.410000,RUS
0 days 02:01:49.965000,2023,Monza,R,5793,53,43.0,29.9,HARD,0 days 00:01:26.184000,RUS
0 days 02:03:16.249000,2023,Monza,R,5793,53,42.9,29.9,HARD,0 days 00:01:26.284000,RUS
0 days 02:04:42.389000,2023,Monza,R,5793,53,42.5,29.7,HARD,0 days 00:01:26.140000,RUS
0 days 02:06:08.355000,2023,Monza,R,5793,53,42.8,29.8,HARD,0 days 00:01:25.966000,RUS
0 days 02:07:34.503000,2023,Monza,R,5793,53,42.6,29.8,HARD,0 days 00:01:26.148000,RUS
0 days 02:09:00.562000,2023,Monza,R,5793,53,42.6,29.9,HARD,0 days 00:01:26.059000,RUS
0 days 02:10:26.723000,2023,Monza,R,5793,53,42.5,29.8,HARD,0 days 00:01:26.161000,RUS
0 days 02:11:52.842000,2023,Monza,R,5793,53,42.6,29.8,HARD,0 days 00:01:26.119000,RUS
0 days 02:13:19.031000,2023,Monza,R,5793,53,42.5,29.9,HARD,0 days 00:01:26.189000,RUS
0 days 02:14:45.402000,2023,Monza,R,5793,53,42.5,30.0,HARD,0 days 00:01:26.371000,RUS
0 days 02:16:11.399000,2023,Monza,R,5793,53,42.8,30.0,HARD,0 days 00:01:25.997000,RUS
0 days 02:17:37.246000,2023,Monza,R,5793,53,42.8,30.0,HARD,0 days 00:01:25.847000,RUS
0 days 02:19:03.456000,2023,Monza,R,5793,53,42.6,30.0,HARD,0 days 00:01:26.210000,RUS
0 days 02:20:29.700000,2023,Monza,R,5793,53,42.9,30.1,HARD,0 days 00:01:26.244000,RUS
0 days 02:21:56.314000,2023,Monza,R,5793,53,42.9,30.2,HARD,0 days 00:01:26.614000,RUS
0 days 02:23:22.649000,2023,Monza,R,5793,53,42.5,30.2,HARD,0 days 00:01:26.335000,RUS
0 days 02:24:49.075000,2023,Monza,R,5793,53,42.5,30.1,HARD,0 days 00:01:26.426000,RUS
0 days 02:26:15.411000,2023,Monza,R,5793,53,41.7,30.0,HARD,0 days 00:01:26.336000,RUS
0 days 02:27:41.805000,2023,Monza,R,5793,53,41.6,30.0,HARD,0 days 00:01:26.394000,RUS
0 days 02:29:08.263000,2023,Monza,R,5793,53,41.2,30.0,HARD,0 days 00:01:26.458000,RUS
0 days 02:30:34.903000,2023,Monza,R,5793,53,41.2,30.1,HARD,0 days 00:01:26.640000,RUS
0 days 02:32:01.190000,2023,Monza,R,5793,53,41.2,30.0,HARD,0 days 00:01:26.287000,RUS
0 days 02:33:27.565000,2023,Monza,R,5793,53,40.8,30.0,HARD,0 days 00:01:26.375000,RUS
0 days 02:34:54.439000,2023,Monza,R,5793,53,40.8,30.0,HARD,0 days 00:01:26.874000,RUS
0 days 02:36:21.067000,2023,Monza,R,5793,53,40.8,30.0,HARD,0 days 00:01:26.628000,RUS
0 days 02:39:03.828000,2023,Monza,R,5793,53,39.3,29.9,HARD,,RUS
0 days 01:23:56.707000,2023,Monza,R,5793,53,42.5,29.2,HARD,0 days 00:01:34.811000,BOT
0 days 01:25:24.739000,2023,Monza,R,5793,53,43.2,29.3,HARD,0 days 00:01:28.032000,BOT
0 days 01:26:52.689000,2023,Monza,R,5793,53,43.2,29.4,HARD,0 days 00:01:27.950000,BOT
0 days 01:28:19.808000,2023,Monza,R,5793,53,43.1,29.5,HARD,0 days 00:01:27.119000,BOT
0 days 01:29:47.383000,2023,Monza,R,5793,53,43.3,29.5,HARD,0 days 00:01:27.575000,BOT
0 days 01:31:14.533000,2023,Monza,R,5793,53,43.6,29.6,HARD,0 days 00:01:27.150000,BOT
0 days 01:32:41.893000,2023,Monza,R,5793,53,43.6,29.7,HARD,0 days 00:01:27.360000,BOT
0 days 01:34:09.120000,2023,Monza,R,5793,53,44.1,29.8,HARD,0 days 00:01:27.227000,BOT
0 days 01:35:36.385000,2023,Monza,R,5793,53,43.9,29.8,HARD,0 days 00:01:27.265000,BOT
0 days 01:37:04.248000,2023,Monza,R,5793,53,43.9,29.9,HARD,0 days 00:01:27.863000,BOT
0 days 01:38:31.941000,2023,Monza,R,5793,53,43.3,29.9,HARD,0 days 00:01:27.693000,BOT
0 days 01:40:00.657000,2023,Monza,R,5793,53,43.1,29.8,HARD,0 days 00:01:28.716000,BOT
0 days 01:41:28.664000,2023,Monza,R,5793,53,43.7,30.1,HARD,0 days 00:01:28.007000,BOT
0 days 01:42:56.655000,2023,Monza,R,5793,53,43.7,30.0,HARD,0 days 00:01:27.991000,BOT
0 days 01:44:24.082000,2023,Monza,R,5793,53,43.9,30.0,HARD,0 days 00:01:27.427000,BOT
0 days 01:45:51.906000,2023,Monza,R,5793,53,43.7,29.9,HARD,0 days 00:01:27.824000,BOT
0 days 01:47:19.376000,2023,Monza,R,5793,53,43.5,29.7,HARD,0 days 00:01:27.470000,BOT
0 days 01:48:47.010000,2023,Monza,R,5793,53,43.6,29.8,HARD,0 days 00:01:27.634000,BOT
0 days 01:50:14.735000,2023,Monza,R,5793,53,44.4,30.0,HARD,0 days 00:01:27.725000,BOT
0 days 01:51:43.173000,2023,Monza,R,5793,53,44.3,30.0,HARD,0 days 00:01:28.438000,BOT
0 days 01:53:12.217000,2023,Monza,R,5793,53,43.7,30.0,HARD,0 days 00:01:29.044000,BOT
0 days 01:54:40.333000,2023,Monza,R,5793,53,43.7,29.9,HARD,0 days 00:01:28.116000,BOT
0 days 01:56:08.456000,2023,Monza,R,5793,53,43.5,29.9,HARD,0 days 00:01:28.123000,BOT
0 days 01:57:36.478000,2023,Monza,R,5793,53,43.5,29.9,HARD,0 days 00:01:28.022000,BOT
0 days 01:59:09.292000,2023,Monza,R,5793,53,43.4,29.9,HARD,0 days 00:01:32.814000,BOT
0 days 02:00:55.867000,2023,Monza,R,5793,53,43.4,29.9,MEDIUM,0 days 00:01:46.575000,BOT
0 days 02:02:21.855000,2023,Monza,R,5793,53,43.3,29.9,MEDIUM,0 days 00:01:25.988000,BOT
0 days 02:03:48.341000,2023,Monza,R,5793,53,42.9,29.9,MEDIUM,0 days 00:01:26.486000,BOT
0 days 02:05:14.542000,2023,Monza,R,5793,53,42.5,29.7,MEDIUM,0 days 00:01:26.201000,BOT
0 days 02:06:41.185000,2023,Monza,R,5793,53,42.8,29.8,MEDIUM,0 days 00:01:26.643000,BOT
0 days 02:08:07.833000,2023,Monza,R,5793,53,42.6,29.9,MEDIUM,0 days 00:01:26.648000,BOT
0 days 02:09:34.439000,2023,Monza,R,5793,53,42.4,29.8,MEDIUM,0 days 00:01:26.606000,BOT
0 days 02:11:01.312000,2023,Monza,R,5793,53,42.5,29.8,MEDIUM,0 days 00:01:26.873000,BOT
0 days 02:12:27.933000,2023,Monza,R,5793,53,42.6,29.8,MEDIUM,0 days 00:01:26.621000,BOT
0 days 02:13:54.456000,2023,Monza,R,5793,53,42.5,29.9,MEDIUM,0 days 00:01:26.523000,BOT
0 days 02:15:21.238000,2023,Monza,R,5793,53,42.5,30.1,MEDIUM,0 days 00:01:26.782000,BOT
0 days 02:16:47.783000,2023,Monza,R,5793,53,42.8,30.0,MEDIUM,0 days 00:01:26.545000,BOT
0 days 02:18:14.876000,2023,Monza,R,5793,53,42.6,30.0,MEDIUM,0 days 00:01:27.093000,BOT
0 days 02:19:41.857000,2023,Monza,R,5793,53,42.8,30.0,MEDIUM,0 days 00:01:26.981000,BOT
0 days 02:21:09.719000,2023,Monza,R,5793,53,42.9,30.2,MEDIUM,0 days 00:01:27.862000,BOT
0 days 02:22:36.922000,2023,Monza,R,5793,53,42.5,30.3,MEDIUM,0 days 00:01:27.203000,BOT
0 days 02:24:03.786000,2023,Monza,R,5793,53,42.5,30.2,MEDIUM,0 days 00:01:26.864000,BOT
0 days 02:25:31.539000,2023,Monza,R,5793,53,41.7,30.0,MEDIUM,0 days 00:01:27.753000,BOT
0 days 02:26:58.501000,2023,Monza,R,5793,53,41.7,30.0,MEDIUM,0 days 00:01:26.962000,BOT
0 days 02:28:25.390000,2023,Monza,R,5793,53,41.8,30.0,MEDIUM,0 days 00:01:26.889000,BOT
0 days 02:29:52.196000,2023,Monza,R,5793,53,41.2,30.0,MEDIUM,0 days 00:01:26.806000,BOT
0 days 02:31:18.932000,2023,Monza,R,5793,53,41.2,30.0,MEDIUM,0 days 00:01:26.736000,BOT
0 days 02:32:45.937000,2023,Monza,R,5793,53,41.0,30.0,MEDIUM,0 days 00:01:27.005000,BOT
0 days 02:34:13.071000,2023,Monza,R,5793,53,40.8,30.0,MEDIUM,0 days 00:01:27.134000,BOT
0 days 02:35:40.021000,2023,Monza,R,5793,53,40.8,30.0,MEDIUM,0 days 00:01:26.950000,BOT
0 days 02:40:06.269000,2023,Monza,R,5793,53,39.3,29.9,MEDIUM,,BOT
0 days 01:23:52.211000,2023,Monza,R,5793,53,42.5,29.2,MEDIUM,0 days 00:01:30.315000,PIA
0 days 01:25:20.264000,2023,Monza,R,5793,53,43.2,29.3,MEDIUM,0 days 00:01:28.053000,PIA
0 days 01:26:47.246000,2023,Monza,R,5793,53,43.2,29.4,MEDIUM,0 days 00:01:26.982000,PIA
0 days 01:28:14.250000,2023,Monza,R,5793,53,43.1,29.5,MEDIUM,0 days 00:01:27.004000,PIA
0 days 01:29:41.159000,2023,Monza,R,5793,53,43.3,29.5,MEDIUM,0 days 00:01:26.909000,PIA
0 days 01:31:08.037000,2023,Monza,R,5793,53,43.6,29.6,MEDIUM,0 days 00:01:26.878000,PIA
0 days 01:32:34.977000,2023,Monza,R,5793,53,43.6,29.7,MEDIUM,0 days 00:01:26.940000,PIA
0 days 01:34:01.827000,2023,Monza,R,5793,53,43.6,29.7,MEDIUM,0 days 00:01:26.850000,PIA
0 days 01:35:28.691000,2023,Monza,R,5793,53,43.9,29.8,MEDIUM,0 days 00:01:26.864000,PIA
0 days 01:36:55.514000,2023,Monza,R,5793,53,43.9,29.9,MEDIUM,0 days 00:01:26.823000,PIA
0 days 01:38:22.731000,2023,Monza,R,5793,53,43.3,29.9,MEDIUM,0 days 00:01:27.217000,PIA
0 days 01:39:50.185000,2023,Monza,R,5793,53,43.1,29.8,MEDIUM,0 days 00:01:27.454000,PIA
0 days 01:41:17.703000,2023,Monza,R,5793,53,43.7,30.1,MEDIUM,0 days 00:01:27.518000,PIA
0 days 01:42:45.074000,2023,Monza,R,5793,53,43.7,30.0,MEDIUM,0 days 00:01:27.371000,PIA
0 days 01:44:12.812000,2023,Monza,R,5793,53,43.9,30.0,MEDIUM,0 days 00:01:27.738000,PIA
0 days 01:45:40.013000,2023,Monza,R,5793,53,43.7,29.9,MEDIUM,0 days 00:01:27.201000,PIA
0 days 01:47:07.453000,2023,Monza,R,5793,53,43.5,29.7,MEDIUM,0 days 00:01:27.440000,PIA
0 days 01:48:34.851000,2023,Monza,R,5793,53,43.6,29.8,MEDIUM,0 days 00:01:27.398000,PIA
0 days 01:50:02.203000,2023,Monza,R,5793,53,44.3,29.9,MEDIUM,0 days 00:01:27.352000,PIA
0 days 01:51:29.949000,2023,Monza,R,5793,53,44.3,30.0,MEDIUM,0 days 00:01:27.746000,PIA
0 days 01:52:57.536000,2023,Monza,R,5793,53,44.0,30.0,MEDIUM,0 days 00:01:27.587000,PIA
0 days 01:54:24.955000,2023,Monza,R,5793,53,43.7,29.9,MEDIUM,0 days 00:01:27.419000,PIA
0 days 01:55:56.821000,2023,Monza,R,5793,53,43.6,29.9,MEDIUM,0 days 00:01:31.866000,PIA
0 days 01:57:43.675000,2023,Monza,R,5793,53,43.5,29.9,HARD,0 days 00:01:46.854000,PIA
0 days 01:59:10.086000,2023,Monza,R,5793,53,43.4,29.9,HARD,0 days 00:01:26.411000,PIA
0 days 02:00:36.373000,2023,Monza,R,5793,53,43.4,29.9,HARD,0 days 00:01:26.287000,PIA
0 days 02:02:02.621000,2023,Monza,R,5793,53,43.0,29.9,HARD,0 days 00:01:26.248000,PIA
0 days 02:03:29.232000,2023,Monza,R,5793,53,42.9,29.9,HARD,0 days 00:01:26.611000,PIA
0 days 02:04:55.364000,2023,Monza,R,5793,53,42.5,29.7,HARD,0 days 00:01:26.132000,PIA
0 days 02:06:22.438000,2023,Monza,R,5793,53,42.8,29.8,HARD,0 days 00:01:27.074000,PIA
0 days 02:07:49.298000,2023,Monza,R,5793,53,42.6,29.8,HARD,0 days 00:01:26.860000,PIA
0 days 02:09:16.044000,2023,Monza,R,5793,53,42.4,29.8,HARD,0 days 00:01:26.746000,PIA
0 days 02:10:42.489000,2023,Monza,R,5793,53,42.5,29.8,HARD,0 days 00:01:26.445000,PIA
0 days 02:12:09.206000,2023,Monza,R,5793,53,42.6,29.8,HARD,0 days 00:01:26.717000,PIA
0 days 02:13:35.483000,2023,Monza,R,5793,53,42.5,29.9,HARD,0 days 00:01:26.277000,PIA
0 days 02:15:02.122000,2023,Monza,R,5793,53,42.5,30.0,HARD,0 days 00:01:26.639000,PIA
0 days 02:16:28.928000,2023,Monza,R,5793,53,42.8,30.0,HARD,0 days 00:01:26.806000,PIA
0 days 02:17:56.074000,2023,Monza,R,5793,53,42.8,30.0,HARD,0 days 00:01:27.146000,PIA
0 days 02:19:23.240000,2023,Monza,R,5793,53,42.8,30.0,HARD,0 days 00:01:27.166000,PIA
0 days 02:20:50.093000,2023,Monza,R,5793,53,42.9,30.1,HARD,0 days 00:01:26.853000,PIA
0 days 02:22:24.613000,2023,Monza,R,5793,53,42.5,30.3,HARD,0 days 00:01:34.520000,PIA
0 days 02:24:18.206000,2023,Monza,R,5793,53,42.5,30.1,MEDIUM,0 days 00:01:53.593000,PIA
0 days 02:25:43.278000,2023,Monza,R,5793,53,41.7,30.0,MEDIUM,0 days 00:01:25.072000,PIA
0 days 02:27:08.968000,2023,Monza,R,5793,53,41.6,30.0,MEDIUM,0 days 00:01:25.690000,PIA
0 days 02:28:35.107000,2023,Monza,R,5793,53,41.8,30.0,MEDIUM,0 days 00:01:26.139000,PIA
0 days 02:30:00.839000,2023,Monza,R,5793,53,41.2,30.0,MEDIUM,0 days 00:01:25.732000,PIA
0 days 02:31:27.453000,2023,Monza,R,5793,53,41.2,30.0,MEDIUM,0 days 00:01:26.614000,PIA
0 days 02:32:53.520000,2023,Monza,R,5793,53,41.0,30.0,MEDIUM,0 days 00:01:26.067000,PIA
0 days 02:34:19.361000,2023,Monza,R,5793,53,40.8,30.0,MEDIUM,0 days 00:01:25.841000,PIA
0 days 02:35:44.954000,2023,Monza,R,5793,53,40.8,30.0,MEDIUM,0 days 00:01:25.593000,PIA
0 days 02:39:15.549000,2023,Monza,R,5793,53,39.3,29.9,MEDIUM,,PIA
